,ACWI IMI IMI (Large+Mid+Small Cap),ACWI Standard (Large+Mid Cap),WORLD Standard (Large+Mid Cap),EM (EMERGING MARKETS) Standard (Large+Mid Cap),EUROPE Standard (Large+Mid Cap),NORTH AMERICA Standard (Large+Mid Cap),S&P 500,NASDAQ,Dow Jones
1969-12,,,100.000,,100.000,100.000,,,
1970-01,,,94.249,,98.933,93.347,,,
1970-02,,,96.979,,95.657,98.153,,,
1970-03,,,97.075,,96.663,98.514,,,
1970-04,,,87.800,,89.345,89.644,,,
1970-05,,,82.060,,84.362,84.145,,,
1970-06,,,79.837,,85.142,81.067,,,
1970-07,,,84.585,,88.972,86.746,,,
1970-08,,,87.175,,89.423,90.007,,,
1970-09,,,89.788,,90.180,92.985,,,
1970-10,,,88.264,,89.496,92.000,,,
1970-11,,,90.035,,85.177,96.626,,,
1970-12,,,94.292,,86.952,101.638,,,
1971-01,,,98.420,,90.435,105.898,,,
1971-02,,,99.255,,90.479,106.704,,,
1971-03,,,103.407,,93.231,110.759,,,
1971-04,,,106.587,,96.871,114.337,,,
1971-05,,,103.859,,99.323,109.822,,,
1971-06,,,104.711,,99.931,110.232,,,
1971-07,,,102.836,,104.229,106.443,,,
1971-08,,,104.877,,103.881,110.497,,,
1971-09,,,103.676,,101.594,108.912,,,
1971-10,,,99.540,,97.979,104.684,,,
1971-11,,,100.176,,100.415,104.919,,,
1971-12,,,108.993,,107.003,111.508,,,
1972-01,,,112.774,,113.117,113.753,,,
1972-02,,,116.888,,119.014,116.729,,,
1972-03,,,118.297,,122.072,118.227,,,
1972-04,,,119.654,,124.143,118.220,,,
1972-05,,,121.882,,125.991,118.306,,,
1972-06,,,118.841,,119.389,116.331,,,
1972-07,,,120.466,,125.392,115.566,,,
1972-08,,,123.678,,125.933,119.749,,,
1972-09,,,121.590,,118.277,119.803,,,
1972-10,,,122.381,,117.810,120.885,,,
1972-11,,,128.591,,120.735,125.276,,,
1972-12,,,130.737,,119.526,127.340,,,
1973-01,,,130.825,,119.810,124.549,,,
1973-02,,,131.515,,127.876,118.981,,,
1973-03,,,131.476,,131.194,117.542,,,
1973-04,,,124.631,,131.608,112.928,,,
1973-05,,,124.046,,133.226,110.802,,,
1973-06,,,124.611,,138.043,110.937,,,
1973-07,,,127.351,,130.381,115.060,,,
1973-08,,,121.822,,124.579,111.264,,,
1973-09,,,125.110,,126.939,114.925,,,
1973-10,,,126.136,,129.984,115.646,,,
1973-11,,,109.548,,110.038,103.516,,,
1973-12,,,108.410,,106.272,104.931,,,
1974-01,,,109.006,,105.850,103.500,,,
1974-02,,,110.459,,108.841,103.599,,,
1974-03,,,107.416,,104.132,100.887,,,
1974-04,,,105.382,,108.322,96.649,,,
1974-05,,,100.892,,99.629,93.066,,,
1974-06,,,97.476,,94.202,91.218,,,
1974-07,,,91.462,,92.889,84.582,,,
1974-08,,,82.390,,83.036,76.891,,,
1974-09,,,74.454,,74.679,68.080,,,
1974-10,,,81.329,,77.675,79.041,,,
1974-11,,,79.808,,77.478,75.030,,,
1974-12,,,78.237,,77.731,73.599,,,
1975-01,,,89.398,,95.681,82.501,,,
1975-02,,,97.047,,107.948,86.994,,,
1975-03,,,97.510,,104.237,88.464,,,
1975-04,,,101.300,,111.395,91.734,,,
1975-05,,,103.447,,109.336,95.350,,,
1975-06,,,104.505,,102.035,99.341,,,
1975-07,,,98.483,,97.869,93.240,,,
1975-08,,,96.723,,99.671,91.092,,,
1975-09,,,92.428,,94.582,87.797,,,
1975-10,,,98.555,,101.904,92.681,,,
1975-11,,,101.013,,104.290,95.431,,,
1975-12,,,100.863,,106.254,94.183,,,
1976-01,,,109.636,,110.602,104.605,,,
1976-02,,,108.582,,108.157,103.781,,,
1976-03,,,109.621,,105.004,107.141,,,
1976-04,,,108.579,,103.471,105.936,,,
1976-05,,,106.525,,98.433,104.549,,,
1976-06,,,109.559,,97.961,108.274,,,
1976-07,,,108.288,,95.920,107.307,,,
1976-08,,,107.791,,93.647,106.786,,,
1976-09,,,108.443,,90.880,107.559,,,
1976-10,,,104.395,,83.930,104.345,,,
1976-11,,,103.725,,87.398,103.230,,,
1976-12,,,111.262,,94.726,109.151,,,
1977-01,,,107.261,,95.111,103.403,,,
1977-02,,,106.520,,95.709,101.217,,,
1977-03,,,105.581,,96.153,99.993,,,
1977-04,,,106.460,,99.423,99.794,,,
1977-05,,,104.734,,98.457,97.657,,,
1977-06,,,108.395,,99.404,101.799,,,
1977-07,,,106.659,,97.612,100.346,,,
1977-08,,,106.770,,101.708,98.108,,,
1977-09,,,107.812,,105.794,97.931,,,
1977-10,,,105.680,,108.170,93.893,,,
1977-11,,,106.709,,106.059,96.076,,,
1977-12,,,108.521,,111.438,96.802,,,
1978-01,,,105.020,,110.950,91.556,,,
1978-02,,,103.901,,110.350,89.942,,,
1978-03,,,108.282,,113.815,91.924,,,
1978-04,,,112.831,,111.787,99.840,,,
1978-05,,,113.929,,114.201,100.411,,,
1978-06,,,114.736,,114.668,99.118,,,
1978-07,,,122.678,,123.049,104.353,,,
1978-08,,,125.160,,126.971,106.625,,,
1978-09,,,126.266,,131.807,106.383,,,
1978-10,,,123.462,,137.597,98.399,,,
1978-11,,,118.757,,125.176,100.193,,,
1978-12,,,122.280,,131.098,102.686,,,
1979-01,,,125.060,,131.307,109.152,,,
1979-02,,,122.353,,133.477,107.815,,,
1979-03,,,127.068,,141.415,115.922,,,
1979-04,,,126.522,,142.921,115.932,,,
1979-05,,,123.964,,135.322,113.460,,,
1979-06,,,127.170,,138.839,117.325,,,
1979-07,,,127.746,,140.468,117.522,,,
1979-08,,,132.489,,144.260,123.381,,,
1979-09,,,135.076,,151.085,123.330,,,
1979-10,,,124.639,,137.049,114.313,,,
1979-11,,,128.077,,142.234,119.107,,,
1979-12,,,131.101,,142.095,121.016,,,
1980-01,,,138.591,,148.620,128.557,,,
1980-02,,,138.248,,149.913,128.476,,,
1980-03,,,122.959,,127.983,114.684,,,
1980-04,,,130.581,,140.398,118.892,,,
1980-05,,,136.573,,143.535,124.559,,,
1980-06,,,142.683,,153.192,128.336,,,
1980-07,,,146.628,,154.859,135.743,,,
1980-08,,,149.054,,155.585,136.247,,,
1980-09,,,153.086,,157.527,138.485,,,
1980-10,,,157.102,,162.469,140.703,,,
1980-11,,,163.233,,159.851,153.911,,,
1980-12,,,159.228,,152.799,147.957,,,
1981-01,,,154.155,,146.330,142.381,,,
1981-02,,,154.165,,144.428,144.112,,,
1981-03,,,159.204,,146.673,148.703,,,
1981-04,,,158.838,,144.642,145.314,,,
1981-05,,,155.298,,132.557,144.636,,,
1981-06,,,154.584,,128.943,143.584,,,
1981-07,,,151.506,,124.845,142.908,,,
1981-08,,,148.096,,127.919,134.825,,,
1981-09,,,136.528,,115.431,126.746,,,
1981-10,,,140.274,,119.513,131.525,,,
1981-11,,,150.253,,133.618,137.471,,,
1981-12,,,146.620,,128.672,133.017,,,
1982-01,,,144.023,,130.093,129.959,,,
1982-02,,,134.865,,124.585,122.131,,,
1982-03,,,130.746,,123.768,120.388,,,
1982-04,,,136.721,,127.078,124.523,,,
1982-05,,,132.831,,126.505,119.816,,,
1982-06,,,126.395,,115.835,116.837,,,
1982-07,,,124.336,,117.821,114.635,,,
1982-08,,,132.927,,118.088,128.297,,,
1982-09,,,133.113,,120.344,129.252,,,
1982-10,,,141.829,,121.412,142.996,,,
1982-11,,,148.919,,122.855,147.710,,,
1982-12,,,155.156,,128.701,150.368,,,
1983-01,,,158.034,,128.532,155.718,,,
1983-02,,,160.914,,133.121,158.570,,,
1983-03,,,166.139,,139.432,163.355,,,
1983-04,,,177.561,,150.413,175.870,,,
1983-05,,,175.383,,148.457,173.053,,,
1983-06,,,180.452,,150.710,178.974,,,
1983-07,,,176.796,,148.248,173.080,,,
1983-08,,,177.312,,144.658,175.795,,,
1983-09,,,180.467,,146.788,177.541,,,
1983-10,,,177.908,,146.308,174.316,,,
1983-11,,,182.061,,150.243,178.231,,,
1983-12,,,183.952,,150.996,176.755,,,
1984-01,,,185.039,,156.708,173.776,,,
1984-02,,,181.537,,161.062,166.403,,,
1984-03,,,189.609,,164.475,168.193,,,
1984-04,,,188.450,,161.791,168.825,,,
1984-05,,,173.852,,149.523,158.901,,,
1984-06,,,174.884,,148.789,161.193,,,
1984-07,,,168.266,,138.553,159.079,,,
1984-08,,,184.682,,149.830,176.144,,,
1984-09,,,183.518,,147.151,175.673,,,
1984-10,,,185.009,,147.056,175.604,,,
1984-11,,,183.845,,146.203,173.390,,,
1984-12,,,187.205,,146.816,176.960,,,
1985-01,,,197.057,,153.162,190.482,100.0,100.0,
1985-02,,,196.964,,146.376,191.376,100.86287799968605,101.97344806569808,
1985-03,,,203.303,,162.810,191.531,100.57340018443399,100.17940436960893,
1985-04,,,202.242,,167.013,190.541,100.11133827467893,100.68173441451913,
1985-05,,,212.126,,175.235,201.207,105.52246167081994,104.34157698455681,
1985-06,,,215.397,,176.805,203.182,106.80287306604217,106.27915293631212,
1985-07,,,219.314,,192.922,202.601,106.28513777166471,108.10906874634408,
1985-08,,,220.587,,202.268,200.129,105.0102988116442,106.81736604513885,
1985-09,,,221.702,,205.034,192.696,101.36391297758998,100.57408522276955,
1985-10,,,233.095,,227.220,200.388,105.6727730136477,104.95155622121663,
1985-11,,,245.573,,244.399,213.568,112.54801128621999,112.66594411440008,
1985-12,,,256.514,,254.450,223.184,117.61954742312248,116.57695718187972,
1986-01,,,259.748,,258.701,223.284,117.89789735710272,120.48797024935938,
1986-02,,,282.575,,288.794,238.540,126.32633301824157,128.99174174881153,
1986-03,,,309.601,,311.782,251.619,132.99559505792956,134.44563896491215,
1986-04,,,317.502,,340.054,247.906,131.1139552805279,137.49551324826373,
1986-05,,,315.983,,309.327,258.860,137.69971573784815,143.59526181496693,
1986-06,,,328.041,,322.092,260.928,139.6425928405081,145.49694375283192,
1986-07,,,330.052,,318.619,246.469,131.44797010456472,133.261563555509,
1986-08,,,358.260,,353.483,263.490,140.80609352584966,137.38786405651413,
1986-09,,,343.351,,330.311,241.588,128.77581753400716,125.8342292236841,
1986-10,,,336.821,,331.616,254.056,135.8236314065166,129.45818872980524,
1986-11,,,350.458,,348.757,259.134,138.7407417726732,129.02762481272808,
1986-12,,,356.825,,356.905,252.588,134.81600600463872,125.15248385919122,
1987-01,,,398.106,,372.012,285.543,152.5802923353872,140.68890883730768,
1987-02,,,410.589,,384.631,295.421,158.2141092700178,152.4937141675797,
1987-03,,,435.354,,402.942,304.003,162.3893582797213,154.32364092758542,
1987-04,,,460.209,,418.004,300.326,160.52996577029742,149.91028686522182,
1987-05,,,460.177,,414.976,301.205,161.4986350931582,149.4438398842281,
1987-06,,,459.236,,426.102,315.703,169.23675985998236,152.38607592580388,
1987-07,,,467.738,,439.733,331.064,177.39798196297863,156.04591849584153,
1987-08,,,494.701,,442.680,342.800,183.59960965770975,163.25797634411475,
1987-09,,,485.400,,444.857,335.154,179.16271103049957,159.41871845449444,
1987-10,,,402.279,,359.522,262.515,140.17145601615735,116.00286100913644,
1987-11,,,391.765,,342.885,239.812,128.20798129020903,109.50843158927262,
1987-12,,100.0,407.994,100.000,361.993,255.907,137.54940439502042,118.58628831149434,
1988-01,,102.33,417.213,109.419,346.347,265.033,143.1108391339892,123.6813767883771,
1988-02,,108.073,440.683,109.682,365.925,275.747,149.09536271456423,131.6828072929453,
1988-03,,111.222,453.227,120.643,375.152,267.224,144.12403697106885,134.4097559009956,
1988-04,,112.448,458.164,126.266,381.252,268.979,145.48236901889123,136.0602782913924,
1988-05,,110.041,448.228,129.617,373.265,269.493,145.94443942321217,132.8668717523747,
1988-06,,109.746,446.842,133.710,368.670,281.959,152.2574138871881,141.62181374926882,
1988-07,,111.593,454.478,129.921,368.675,279.881,151.43349196651917,138.96662031907786,
1988-08,,105.278,428.746,125.919,351.128,269.225,145.58814335293425,135.12737337943125,
1988-09,,109.618,446.168,133.736,369.398,279.433,151.37226313582676,139.110152574744,
1988-10,,116.601,475.074,132.541,402.762,287.194,155.30256284449712,137.24434275082174,
1988-11,,120.314,490.802,131.761,406.826,282.144,152.36876065643287,133.29744661942556,
1988-12,,121.202,494.428,134.871,408.086,286.156,154.60668800954653,136.84965094768737,
1989-01,,125.369,511.511,132.661,422.022,307.183,165.60151040176578,143.98994266812758,
1989-02,,124.408,507.484,142.524,416.347,297.044,160.80831570427765,143.415857445358,
1989-03,,123.495,503.406,155.992,418.479,302.566,164.1540873472422,145.92751861988285,
1989-04,,126.365,514.189,184.242,429.197,317.427,172.37655527006262,153.4266190795408,
1989-05,,123.158,500.763,186.076,406.365,327.979,178.4334355626019,160.10046381898732,
1989-06,,121.227,494.288,163.285,422.246,326.509,177.01943013015713,156.18943980153395,
1989-07,,134.694,549.295,173.493,471.025,355.121,192.66268282854094,162.82740147706386,
1989-08,,131.299,535.165,177.004,464.248,359.562,195.65217539035928,168.3889369349403,
1989-09,,135.039,549.417,198.982,471.304,357.443,194.37175550057117,169.68065058611924,
1989-10,,130.458,530.233,201.307,439.481,349.028,189.4783589042418,163.4732637776402,
1989-11,,135.359,550.528,191.640,462.921,354.971,192.61258187912028,163.65266814724913,
1989-12,,139.569,567.338,214.698,511.749,361.928,196.73772993940318,163.1862102162817,
1990-01,,132.914,539.944,221.271,509.350,336.668,183.19878507321297,149.19266938678618,
1990-02,,127.092,515.886,229.757,496.109,340.343,184.76312733218305,152.7807567789645,
1990-03,,118.996,483.818,197.850,502.064,347.008,189.24455447361214,156.26120592936698,
1990-04,,117.243,475.922,210.656,487.654,337.479,184.15630952567022,150.73555353540706,
1990-05,,129.242,525.101,227.603,526.255,367.210,201.09669941944742,164.6932113009861,
1990-06,,128.119,520.408,235.143,543.594,364.855,199.30968061111943,165.87727576041547,
1990-07,,129.157,524.178,255.211,565.311,363.879,198.26865457629447,157.22999390524464,
1990-08,,116.748,474.129,221.940,508.023,330.664,179.5691080501981,136.77789576982806,
1990-09,,104.283,423.145,193.088,446.981,314.375,170.37798779364866,123.60961066054404,
1990-10,,113.615,461.640,189.248,483.414,311.727,169.23675985998236,118.33511781405237,
1990-11,,111.441,453.050,178.958,486.993,330.280,179.37983213378737,128.84822044311917,
1990-12,,113.564,461.527,185.162,478.687,338.810,183.83343107747112,134.1227023396371,
1991-01,,117.497,477.387,200.192,493.513,352.751,191.46578151025227,148.6185841640166,
1991-02,,128.281,520.574,229.627,535.434,376.070,204.34782460964075,162.5762419295956,
1991-03,,124.438,504.264,238.234,498.387,383.543,208.8849251356922,173.05345054477218,
1991-04,,125.212,507.243,238.953,492.020,384.225,208.95172640158637,173.92177251166774,
1991-05,,127.942,517.764,256.968,505.389,399.028,217.01830205181142,181.5966857495509,
1991-06,,119.884,484.846,247.267,461.878,380.329,206.62472503090322,170.7642599865403,
1991-07,,125.336,506.778,259.509,492.752,396.294,215.89377443461868,180.13634250291432,
1991-08,,124.821,504.198,264.266,500.610,404.538,220.1358247102164,188.6185754040376,
1991-09,,127.737,516.432,253.839,514.441,396.401,215.92160263236403,189.0491502710885,
1991-10,,129.699,523.818,263.957,502.453,402.951,218.4768699767385,194.82596221251666,
1991-11,,123.853,499.994,259.773,489.442,386.080,208.8849251356922,187.97990723620254,
1991-12,,132.78,535.364,288.796,526.399,426.082,232.19394588893593,210.38392578896202,
1992-01,,130.533,524.448,322.130,525.022,418.782,227.56777134531498,222.53677603427428,
1992-02,,128.293,514.402,335.967,525.870,421.993,229.75004230293797,227.29456152034692,100.0
1992-03,,122.311,489.176,346.585,506.273,412.167,224.73417105609204,216.63795948553522,99.0145989028054
1992-04,,123.67,494.993,342.450,533.011,422.066,231.00261700584906,207.63543858258285,102.79707891942762
1992-05,,128.131,513.665,340.418,562.118,422.776,231.22529355520686,210.0143422755929,103.95384989755686
1992-06,,123.278,495.424,305.519,550.359,415.753,227.21149226416878,202.22459666319259,101.55461179383703
1992-07,,123.39,495.645,308.380,529.386,431.549,236.15764623055338,208.40688613188019,103.85898642900268
1992-08,,125.873,506.637,293.440,526.299,420.212,230.49044565210744,202.05237547635124,99.68479208672659
1992-09,,124.525,500.953,294.069,516.324,421.539,232.589198038231,209.28238033156958,100.12241025980875
1992-10,,121.216,486.384,309.629,479.153,423.507,233.0790966402973,217.1402785804717,98.73305679951113
1992-11,,122.976,494.113,306.055,477.827,434.627,240.13249144257435,234.20522134167402,101.14759618570706
1992-12,,123.882,497.132,314.929,487.708,438.723,242.5596947120988,242.89558039350263,101.02243647670339
1993-01,,124.065,497.833,316.189,487.460,440.881,244.268767384129,249.85288710292383,101.29448999174345
1993-02,,126.728,508.673,321.229,492.026,446.631,246.82959017457353,240.67814501313012,103.15543375960505
1993-03,,133.75,537.200,331.295,516.303,454.940,251.44463683692265,247.62467694839998,105.12318018029663
1993-04,,139.54,561.116,337.122,526.608,445.303,245.0537162366491,237.32327016147488,104.89182299613904
1993-05,,142.542,573.068,345.394,531.207,455.351,250.6207149162538,251.35629659624445,107.94840359732554
1993-06,,141.349,567.291,354.819,522.417,455.447,250.8099908326645,252.58341635238418,107.6010689679158
1993-07,,144.013,578.019,363.231,523.221,453.748,249.47391454738573,252.85252290679753,108.31685967476257
1993-08,,150.583,603.556,393.460,568.124,468.342,258.06378943262416,266.53749347655315,111.73761528167772
1993-09,,147.797,591.436,407.469,565.329,461.656,255.48626632570617,273.6921406125547,108.79579429906192
1993-10,,151.915,606.772,443.777,587.867,470.628,260.4408917527279,279.6053016268814,112.63549722705348
1993-11,,143.762,571.488,463.173,574.169,465.971,257.0784367824216,270.68173003452966,112.7383176613484
1993-12,,151.279,598.496,539.344,616.274,471.495,259.67266020581314,278.7226242444244,114.8847857510393
1994-01,,161.054,637.008,548.878,646.648,488.364,268.1122152536579,287.2156209697253,121.74802359057296
1994-02,,158.466,627.790,538.779,622.720,472.955,260.0567844738364,284.3559258301339,117.26964154579113
1994-03,,151.071,599.737,489.211,604.035,451.432,248.16009402465053,266.7599531428724,111.26970086814605
1994-04,,154.903,617.299,478.355,627.974,456.138,251.02153950075058,263.30821482359266,112.66915556570328
1994-05,392.682,155.536,617.906,493.660,600.200,462.582,254.13348972395377,263.79259786155774,115.01576562559421
1994-06,392.593,154.502,615.194,479.180,592.783,447.575,247.32504422270986,253.3046254222036,110.93307265367199
1994-07,398.298,157.656,625.894,508.729,622.737,461.999,255.11328692808638,259.11730947757457,115.20335576251304
1994-08,410.747,162.998,643.738,571.296,641.362,479.633,264.705214780001,274.71114516796274,119.76068734436754
1994-09,400.733,158.893,625.806,577.286,614.770,469.689,257.5905911470314,274.2339234128177,117.61146980548169
1994-10,408.980,162.678,642.570,566.108,640.354,478.459,262.9571860289536,278.97020315048263,119.59849972718442
1994-11,388.733,155.33,613.676,535.995,614.671,460.515,252.56916445411542,269.22137583791937,114.4300283484649
1994-12,391.655,155.596,618.590,492.578,617.002,466.323,255.67554224211685,269.809827426224,117.34369736215004
1995-01,383.372,152.153,608.263,439.837,610.993,476.047,261.88275936118146,270.97236423729817,117.6319786045036
1995-02,385.031,153.493,616.074,428.107,623.620,494.200,271.3299568000359,284.7972535713887,122.74841964574095
1995-03,401.217,160.21,644.674,429.803,651.249,506.853,278.74518612952926,293.2220976601877,127.23597648294493
1995-04,412.986,165.732,666.043,448.288,670.769,521.355,286.5390012701075,302.8273927170849,132.2419464486493
1995-05,414.624,167.244,670.635,470.954,683.201,540.758,296.9437231614192,310.2188658849407,136.6447410545587
1995-06,414.722,166.966,669.317,471.383,688.312,552.813,303.2622530714651,334.9300220028772,139.42834916719707
1995-07,434.524,174.737,701.687,481.278,722.839,570.062,312.8987264267303,359.2429056762693,144.09126557520008
1995-08,426.332,170.611,684.957,469.281,693.595,569.084,312.798524527889,366.02437770751783,141.09496365908058
1995-09,435.538,175.0,703.797,466.406,713.212,592.045,325.3409548843414,374.4312857393455,146.55813415205157
1995-10,426.314,171.776,691.604,448.106,708.503,590.477,323.7209732190123,371.7474033779793,145.52988498112632
1995-11,437.675,176.881,714.509,439.690,712.220,615.181,337.00939634896764,380.0501990595725,155.2924169967064
1995-12,449.854,181.895,734.280,458.369,733.448,623.240,342.8881455954996,377.5134405452561,156.59700075438013
1996-01,457.615,185.639,746.451,490.519,736.940,644.915,354.0722608932614,380.26192775163537,165.11001270947833
1996-02,460.743,186.093,749.857,481.920,748.998,649.903,356.52729236053113,394.707571096537,167.87404593926155
1996-03,466.717,188.636,761.184,484.796,756.568,655.711,359.3497647684823,395.191954134502,170.98081893091404
1996-04,480.578,192.895,777.929,502.463,760.684,665.194,364.1763431097858,427.16898722159965,170.42813481475847
1996-05,480.620,192.759,777.437,498.991,765.168,681.459,372.4990129314475,446.1535698775859,172.69578786624737
1996-06,479.907,193.484,780.202,501.041,772.185,683.176,373.33963516858995,425.1955391559016,173.0461782693547
1996-07,458.722,185.927,751.451,465.872,761.075,652.464,356.2600872969544,387.72512324742934,169.19883217145446
1996-08,464.962,187.894,758.902,477.132,782.207,666.689,362.9627414750236,409.5801758171582,171.87043011471704
1996-09,479.326,194.511,787.436,480.616,797.231,702.334,382.63652975918245,440.2296340891078,180.00948709398835
1996-10,477.993,194.976,791.751,467.432,814.284,721.099,392.62372674952377,438.28846654596873,184.51448948518728
1996-11,498.882,205.077,834.929,474.708,854.069,774.373,421.43294491647805,463.7997591443778,199.58075382575024
1996-12,491.633,201.784,820.362,476.315,869.129,757.893,412.36985475651517,463.23285710437585,197.33360210195391
1997-01,496.462,204.858,829.082,508.415,870.096,807.845,437.6551532453659,495.10223004975006,208.49802446845413
1997-02,500.888,207.339,837.440,529.859,880.185,811.743,440.24939365788913,469.68063963614554,210.47649224674007
1997-03,488.349,202.842,819.678,514.608,907.148,774.018,421.48860131196875,438.3566191824706,201.4713737137266
1997-04,496.631,208.993,845.281,513.702,901.196,822.065,446.1058871418776,452.3717095602688,214.4933777498881
1997-05,529.600,221.109,896.244,527.013,938.207,868.632,472.23738030307254,502.44703442956444,224.3474036644928
1997-06,553.162,232.081,939.746,554.125,983.669,905.807,492.7573292813122,517.427299291909,234.8073543880873
1997-07,574.282,242.237,981.845,561.319,"1,028.330",975.643,531.2642496342239,571.8729776767266,251.632638621737
1997-08,539.930,224.917,914.974,489.238,968.114,916.914,500.734813924836,569.5442686632995,233.26498810302874
1997-09,564.870,236.582,963.489,502.045,"1,060.528",963.931,527.3506672311589,604.8402825881622,243.1465533375586
1997-10,531.365,222.174,911.569,419.257,"1,006.861",935.521,509.1688305157425,571.801189648946,227.74735161921265
1997-11,532.544,225.256,926.496,403.668,"1,020.833",975.975,531.8710674407367,574.2913450750632,239.4069288659964
1997-12,537.039,227.875,936.591,412.465,"1,056.662",989.723,540.2382487874856,563.4552948707476,242.01425843432767
1998-01,546.336,232.576,961.488,379.797,"1,099.164",999.876,545.7217628738543,581.0405146838053,241.95917979447717
1998-02,584.463,248.164,"1,025.297",419.232,"1,183.552","1,069.509",584.1674204178103,635.27446437656,261.52094299532615
1998-03,607.562,258.389,"1,067.354",436.016,"1,266.257","1,124.936",613.344079525446,658.6580456793483,269.2967439423769
1998-04,612.191,260.455,"1,076.530",430.407,"1,289.193","1,136.570",618.9110782050507,670.401848705965,277.3623726969534
1998-05,598.805,255.141,"1,061.791",370.098,"1,313.687","1,112.994",607.2593200677662,638.2741001804336,272.36130392329216
1998-06,603.916,259.395,"1,085.737",330.521,"1,326.452","1,155.308",631.2085592604699,679.8492670416084,273.9547591583368
1998-07,599.162,259.118,"1,082.741",339.834,"1,351.032","1,139.632",623.8768654916078,671.8299004800687,271.85146040953794
1998-08,510.506,222.452,937.092,240.312,"1,179.439",976.194,532.9176659107635,537.9440022723386,230.71487397473751
1998-09,520.722,226.527,952.393,254.870,"1,130.577","1,037.683",566.1693381509981,607.7645825727665,240.0042915315695
1998-10,564.980,246.874,"1,037.208",281.402,"1,219.372","1,117.655",611.6294683964775,635.5902178190674,262.9402863715706
1998-11,596.103,261.527,"1,097.621",304.528,"1,282.573","1,191.049",647.7926700731008,699.5120034707037,278.9898075378092
1998-12,623.736,273.301,"1,149.952",298.973,"1,336.970","1,258.043",684.3121678200022,786.7563133716043,280.9752983656691
1999-01,634.767,278.551,"1,173.844",293.914,"1,326.700","1,312.754",712.375427191717,899.135192974672,286.4042053423143
1999-02,616.331,271.211,"1,141.327",296.565,"1,291.350","1,273.341",689.378123027137,820.9651701045569,284.8052213235624
1999-03,643.350,283.043,"1,187.545",334.745,"1,303.738","1,324.885",716.1220064300466,883.1717956708621,299.4816018141583
1999-04,675.301,294.915,"1,233.057",375.665,"1,340.883","1,374.477",743.29455960433,912.4004291513705,330.17229856717086
1999-05,654.026,284.107,"1,186.701",372.330,"1,274.783","1,340.875",724.7341370778286,886.4441734204279,323.1551364006976
1999-06,686.732,297.892,"1,240.750",413.808,"1,294.595","1,410.986",764.187454001926,963.803372635709,335.7346136004045
1999-07,685.557,296.311,"1,235.701",401.940,"1,304.857","1,365.913",739.698232246867,946.7132668348729,326.0749319044366
1999-08,686.460,295.599,"1,232.161",405.296,"1,316.368","1,355.313",735.0720916815095,982.9027548162912,331.4037529533231
1999-09,681.864,292.055,"1,218.897",391.069,"1,304.446","1,316.595",714.0844658854837,985.3461757545243,316.3371897595868
1999-10,714.411,306.497,"1,280.942",399.053,"1,350.686","1,401.406",758.7429809402329,1064.38098375002,328.3612483366019
1999-11,745.042,315.679,"1,315.675",434.698,"1,385.408","1,431.055",773.2060326368016,1197.0433318930468,332.8888739130243
1999-12,807.330,341.626,"1,420.885",489.420,"1,525.772","1,533.645",817.9312810009181,1460.1040116104762,351.84136514934175
2000-01,769.750,322.834,"1,338.246",491.393,"1,415.479","1,453.709",776.2956761300661,1413.8320506169105,334.80828830425406
2000-02,791.154,323.592,"1,340.583",497.741,"1,487.641","1,422.989",760.6858580428928,1685.2133963730623,309.95225148135916
2000-03,821.650,344.498,"1,431.938",499.404,"1,521.865","1,562.944",834.259263663849,1640.7713949894235,334.2387638117796
2000-04,770.597,328.684,"1,370.108",451.359,"1,453.024","1,510.695",808.5676191226949,1385.238515612801,328.4851827475948
2000-05,742.303,319.776,"1,334.136",431.703,"1,439.486","1,469.905",790.847818833336,1220.2761977574016,322.01028966418545
2000-06,775.187,330.209,"1,377.722",445.518,"1,468.660","1,510.705",809.7756143439918,1423.0749672431537,319.73222157960487
2000-07,749.195,320.16,"1,337.647",422.082,"1,443.551","1,485.912",796.5428476095273,1351.6289290421992,321.9995907205791
2000-08,783.118,329.761,"1,379.870",423.560,"1,424.921","1,564.555",844.8922855071153,1509.2751752488546,343.2108142411606
2000-09,741.362,311.309,"1,305.245",386.031,"1,356.578","1,474.359",799.7049327604145,1317.8399381019885,325.94546870973653
2000-10,716.892,304.895,"1,282.138",357.847,"1,344.717","1,456.643",795.7468048539988,1209.0526498826928,335.7450136908374
2000-11,663.621,285.682,"1,203.054",326.356,"1,291.062","1,339.522",732.0324641920071,932.159963348248,318.7101138413922
2000-12,677.274,290.113,"1,221.253",333.793,"1,378.396","1,337.555",734.9997179804136,886.4441734204279,330.14017185103455
2001-01,696.360,297.271,"1,244.222",379.022,"1,378.655","1,385.971",760.4575920692015,994.8797484834835,333.18115231657157
2001-02,635.863,271.968,"1,137.879",349.024,"1,256.110","1,256.118",690.2744016597702,772.0954373430458,321.1824962592922
2001-03,589.365,253.117,"1,061.262",313.138,"1,159.783","1,173.433",645.9555333262206,660.301373937004,302.3160149662681
2001-04,632.997,271.089,"1,138.087",327.709,"1,239.079","1,263.437",695.5741952757982,759.3254027783587,328.5176083169045
2001-05,627.095,267.374,"1,121.088",330.545,"1,174.032","1,269.768",699.1147982812436,757.2622525278562,333.93336575392175
2001-06,609.286,258.844,"1,084.788",322.888,"1,127.558","1,239.054",681.6121870516993,775.2206474456668,321.4003901079899
2001-07,594.342,254.542,"1,069.669",301.666,"1,129.704","1,226.512",674.2915701967138,727.3519612826449,322.02496335499745
2001-08,568.501,242.414,"1,016.732",298.169,"1,097.859","1,143.844",631.063811858278,647.8040813180089,304.48787063303604
2001-09,511.776,219.961,926.023,251.395,987.578,"1,054.494",579.491127935637,537.7825558596485,270.75801641884397
2001-10,526.262,224.482,943.200,266.861,"1,018.718","1,068.251",589.9794023767115,606.4585135060261,277.7225505414883
2001-11,557.332,238.0,997.928,294.426,"1,058.837","1,149.410",634.3316373649449,692.7089599912049,301.482991630841
2001-12,564.408,240.033,"1,003.516",317.400,"1,085.759","1,155.707",639.1359599437048,699.8205737304437,306.6857564112037
2002-01,549.157,233.258,972.418,327.746,"1,028.450","1,138.518",629.1821635863106,693.9468764214434,303.5774443257084
2002-02,544.234,231.208,962.732,332.765,"1,026.687","1,114.903",616.1164339948448,621.2737403642968,309.27349615402113
2002-03,570.810,241.171,"1,003.597",351.427,"1,079.624","1,155.406",638.751869653945,662.1276981556521,318.38726275821006
2002-04,557.683,233.131,968.250,352.838,"1,068.379","1,082.002",599.5212462683372,605.7516708017417,304.37983521086596
2002-05,557.614,232.824,967.847,346.280,"1,060.500","1,073.515",594.0767052501175,579.7380372084488,303.7381077917074
2002-06,523.012,218.252,907.810,319.752,"1,021.604",991.139,551.0326673820224,525.0125212949614,282.8674573474883
2002-07,478.187,199.729,830.549,294.623,906.931,917.276,507.49873091186106,476.5912994574726,267.3620581539884
2002-08,478.979,199.846,830.582,298.886,903.910,920.472,509.9760521199379,471.77966200059086,265.12532146328374
2002-09,428.683,177.625,738.179,266.106,784.351,816.453,453.86628466037706,420.5453919116048,232.3325363168244
2002-10,456.336,190.489,791.883,283.161,859.515,887.417,493.1024804811866,477.1259209749156,256.970664348363
2002-11,480.422,200.604,833.471,302.358,900.778,939.155,521.2436520109355,530.5991978925243,272.24316726386246
2002-12,458.486,190.797,792.215,292.090,867.447,882.744,489.7956819063708,479.1926628168019,255.27527029588478
2003-01,445.009,185.033,767.478,290.438,825.795,862.090,476.36808380942546,473.9540639842005,246.4672454307031
2003-02,436.509,181.416,752.864,281.288,796.995,849.074,468.2681075262533,479.9138718866214,241.48729063373983
2003-03,434.369,180.201,748.628,272.267,781.794,854.986,472.18168992931845,481.2235325447454,244.579673845095
2003-04,471.183,195.753,813.302,295.166,882.786,924.588,510.44923341639884,525.4072459480169,259.51250024375213
2003-05,499.746,206.535,857.649,315.436,935.729,973.714,536.4304407184636,572.626467269105,270.8406493212783
2003-06,508.900,210.079,871.066,332.684,942.252,984.937,542.5040213274764,582.2748395226599,274.9775243735309
2003-07,520.359,214.455,887.780,352.624,960.008,"1,001.247",551.3054448808009,622.5403457257106,282.5779582784533
2003-08,533.394,219.098,905.324,375.518,955.208,"1,019.798",561.1590393393539,649.6052643969707,288.1482526914156
2003-09,536.447,220.151,909.641,377.634,973.867,"1,007.908",554.4563511830212,641.1696674339678,283.84061293590446
2003-10,569.273,233.236,962.707,409.115,"1,038.222","1,064.331",584.9300965186551,693.2938199881258,299.93941499043035
2003-11,577.793,236.424,976.019,413.325,"1,080.767","1,073.827",589.0997730931568,703.3584226431441,299.3683663467718
2003-12,611.012,251.131,"1,036.318",442.778,"1,169.243","1,127.896",619.0057416469535,718.8266621348375,319.91676341415547
2004-01,623.041,255.195,"1,052.289",457.191,"1,182.211","1,146.695",629.6999243643855,741.352641495013,320.9618529613996
2004-02,634.662,259.511,"1,068.648",477.732,"1,215.130","1,159.225",637.3879142035257,728.3171357671913,323.89509685793996
2004-03,632.404,257.43,"1,059.157",482.062,"1,172.656","1,139.910",626.9609365496705,715.5435534110154,316.9721929823447
2004-04,614.660,250.932,"1,035.657",441.299,"1,158.219","1,117.514",616.4337909752373,688.9666093691042,312.92867966145013
2004-05,618.113,252.278,"1,042.626",431.263,"1,171.019","1,131.244",623.8824379268094,712.8596710496491,311.79270886418686
2004-06,630.843,256.895,"1,062.514",432.200,"1,183.771","1,152.119",635.1054583361931,734.7649620988559,319.35246885221477
2004-07,608.699,248.451,"1,026.991",423.140,"1,150.148","1,113.360",613.3273622198408,677.2012567941849,310.301132675941
2004-08,610.937,249.507,"1,029.631",439.746,"1,147.191","1,116.856",614.7302567601454,659.5263347963228,311.3480452275427
2004-09,624.130,254.373,"1,047.861",464.151,"1,192.383","1,130.901",620.4865143670291,680.6027566339868,308.48210306564334
2004-10,638.800,260.379,"1,072.698",474.271,"1,234.844","1,149.496",629.1821635863106,708.6436683638395,306.8662936132312
2004-11,674.040,274.17,"1,127.339",517.950,"1,322.638","1,194.598",653.4654091084851,752.3537735032974,319.1241450277668
2004-12,700.049,284.521,"1,169.341",542.174,"1,377.946","1,233.457",674.6757284430005,780.5668626200966,329.9877567326203
2005-01,685.575,278.299,"1,142.350",542.282,"1,351.520","1,200.808",657.6128638987068,740.0107003143299,321.01908334409825
2005-02,708.175,287.494,"1,176.703",588.681,"1,416.423","1,226.029",670.0439474859144,736.1750559160408,329.4742672101511
2005-03,691.129,280.512,"1,151.184",548.689,"1,376.070","1,206.654",657.2342780876218,717.3411886984884,321.44199046972176
2005-04,673.153,273.702,"1,123.642",531.990,"1,334.195","1,181.020",644.0182286587624,689.5048224779309,311.9169421283531
2005-05,685.967,278.074,"1,140.677",548.155,"1,331.644","1,216.823",663.307892674898,742.0954001131352,320.3317509306848
2005-06,693.905,280.438,"1,148.813",565.168,"1,346.731","1,221.713",663.2132292329951,738.0552102055507,314.44042843889787
2005-07,720.351,290.57,"1,188.165",602.564,"1,394.836","1,267.397",687.0678729403227,783.9361257372343,325.6391442070413
2005-08,724.217,292.202,"1,194.807",606.230,"1,411.393","1,258.018",679.3575254038487,772.188731119234,320.7638328487305
2005-09,744.048,300.604,"1,224.314",661.318,"1,444.746","1,271.212",684.0783973676361,772.045155063673,323.4293341872565
2005-10,723.622,292.319,"1,193.880",617.412,"1,398.477","1,244.574",671.942313063487,760.7821872835327,319.4929298436945
2005-11,748.919,302.432,"1,231.412",667.994,"1,418.667","1,292.700",695.5853401462017,801.1553536283067,330.6873421261416
2005-12,767.520,309.63,"1,257.775",706.483,"1,468.091","1,295.086",694.9228999224615,791.2881132998162,327.9829898750786
2006-01,807.075,324.658,"1,313.214",783.771,"1,563.089","1,334.052",712.6203425144867,827.3483915912086,332.49259460514736
2006-02,804.624,323.745,"1,309.451",782.106,"1,562.331","1,330.887",712.9432719300809,818.5826310202682,336.4265483526877
2006-03,821.728,329.791,"1,335.069",787.802,"1,616.907","1,346.318",720.8539553077106,839.5371139504637,339.9736964379466
2006-04,846.745,340.19,"1,373.384",841.580,"1,693.592","1,365.573",729.6164057928862,833.3584379731074,347.863629411904
2006-05,810.497,325.738,"1,322.246",750.996,"1,635.371","1,322.648",707.0589162700837,781.8011436590564,341.77891903163504
2006-06,807.992,325.108,"1,319.934",747.539,"1,636.568","1,320.773",707.1201451007761,779.3649059035907,341.2253234133007
2006-07,810.553,327.037,"1,327.233",755.836,"1,659.885","1,323.799",710.7164724582391,750.4377032999498,342.3104891710926
2006-08,829.867,334.809,"1,358.872",773.124,"1,707.059","1,354.095",725.836391943346,783.5485842669464,348.2923940597253
2006-09,837.834,338.276,"1,373.368",778.161,"1,720.643","1,381.536",743.6675050236863,810.3443963837931,357.4095078194559
2006-10,869.311,350.75,"1,422.926",814.438,"1,793.410","1,428.599",767.0989834383149,849.1962171782751,369.7013388398027
2006-11,893.907,360.043,"1,455.166",874.080,"1,852.944","1,454.329",779.7305387797319,872.5403347757369,374.0223971027978
2006-12,912.599,367.784,"1,483.578",912.648,"1,911.788","1,467.924",789.567449910943,866.6271737614102,381.40436933799316
2007-01,922.029,371.202,"1,500.232",901.477,"1,922.019","1,490.932",800.6680126589417,884.0795922930581,386.2561011809258
2007-02,917.702,368.777,"1,490.440",895.542,"1,912.932","1,462.930",783.1764783432742,866.9357002212552,375.45154286312845
2007-03,934.389,375.295,"1,514.181",928.903,"1,975.175","1,478.557",790.9925662355279,868.9055566955694,378.0747863629412
2007-04,973.011,391.175,"1,577.860",970.856,"2,093.281","1,542.310",825.2351805502984,906.0243908474863,399.7585565212415
2007-05,"1,000.000",401.515,"1,616.871","1,014.641","2,116.106","1,598.326",852.095949179391,934.5245444756179,417.04072748632575
2007-06,995.204,399.782,"1,602.360","1,059.544","2,111.242","1,571.365",836.9147329070646,934.0616671860604,410.3381680554498
2007-07,978.487,393.339,"1,565.811","1,112.614","2,064.693","1,524.513",810.1486277198751,913.6239354161789,404.3207892951391
2007-08,972.077,391.489,"1,561.585","1,086.825","2,036.260","1,542.775",820.5700329385286,931.5966966995246,408.78111313692057
2007-09,"1,020.414",411.918,"1,633.576","1,204.740","2,138.072","1,605.834",849.941523408645,969.3218089969802,425.2419160403389
2007-10,"1,060.074",427.629,"1,682.351","1,337.448","2,235.356","1,640.889",862.5396441388515,1025.8772845203944,426.29402863715706
2007-11,"1,009.650",408.099,"1,610.942","1,241.869","2,159.770","1,558.805",824.5504505857513,954.7756886931229,409.20892145458714
2007-12,996.959,403.246,"1,588.803","1,245.422","2,121.265","1,551.270",817.43580996365,951.6612533646531,405.93752519238865
2008-01,914.220,369.931,"1,466.346","1,088.570","1,898.571","1,454.926",767.4386301595143,857.5026920510418,387.1334743272796
2008-02,916.592,370.407,"1,455.560","1,167.497","1,925.779","1,417.431",740.761548022499,815.0268679505438,375.3829859451594
2008-03,900.176,363.981,"1,437.403","1,104.430","1,926.535","1,403.447",736.3468881687007,817.7610325912829,375.2758769678267
2008-04,946.796,383.295,"1,508.988","1,191.365","2,001.415","1,473.751",771.3577510195178,865.7337435047493,392.3288574342603
2008-05,960.374,387.744,"1,525.726","1,209.870","1,991.826","1,501.745",779.5913638127417,905.1524225393383,386.76501824984257
2008-06,879.878,355.398,"1,402.129","1,087.119","1,815.378","1,383.012",712.5758309893994,822.7412558437272,347.3394110605111
2008-07,856.782,345.746,"1,366.699","1,041.856","1,761.536","1,357.677",705.5502813739994,834.4276810079932,348.19658173234575
2008-08,838.047,337.611,"1,344.862",956.253,"1,687.509","1,369.381",714.151267151378,849.4868732809911,353.2747845100515
2008-09,730.251,294.79,"1,182.443",786.924,"1,431.177","1,235.484",649.3124498395887,750.5847833471048,332.0580322057628
2008-10,581.881,236.111,957.245,570.521,"1,126.075","1,012.261",539.3029970867037,617.4918822369746,285.3692170323297
2008-11,541.248,220.05,892.926,526.972,"1,044.682",935.899,498.936684224368,550.9759164087766,270.1912712608817
2008-12,561.800,227.683,920.226,567.042,"1,098.839",942.513,502.839155735293,565.8521565206765,268.5800342620221
2009-01,513.956,208.023,838.827,529.532,976.211,867.565,459.7672896694527,529.7524145239576,244.84683363942125
2009-02,462.508,187.168,750.863,499.304,873.949,776.949,409.22452088949655,494.38102097993067,216.14377945711678
2009-03,499.525,202.036,805.216,569.967,932.100,842.261,444.1741209313578,548.4714384170192,232.85246612517957
2009-04,559.948,225.241,893.025,662.730,"1,054.748",924.461,485.89321039544586,616.1822653787453,249.96542642350676
2009-05,613.637,246.694,970.004,773.121,"1,172.000",984.677,511.6851247919682,636.6450944884183,260.1319033308606
2009-06,610.293,244.905,964.048,761.295,"1,146.110",979.975,511.7853266908093,658.4284028302617,258.499866151135
2009-07,663.555,266.142,"1,044.753",844.024,"1,265.138","1,056.207",549.729974740559,709.9030905424858,280.6748014998544
2009-08,687.468,275.096,"1,085.599",839.460,"1,341.544","1,085.744",568.1790165195522,720.8683066369324,290.610533872056
2009-09,719.091,287.232,"1,126.985",914.045,"1,402.670","1,129.282",588.4762719593022,761.5428162587838,297.22068790172875
2009-10,705.843,282.588,"1,106.170",914.259,"1,385.573","1,102.725",576.8468035628248,733.8033354057983,297.2344650330207
2009-11,732.355,293.667,"1,149.007",953.128,"1,421.773","1,167.005",609.9370790517889,769.5012571664842,316.57863323834533
2009-12,749.158,299.435,"1,168.468",989.469,"1,442.124","1,190.235",620.7760091714129,814.1908155562336,319.12507147260425
2010-01,717.987,286.327,"1,119.537",933.590,"1,356.247","1,143.027",597.823284488447,770.4879811993331,308.0861226109397
2010-02,726.716,289.497,"1,133.348",935.929,"1,326.549","1,178.418",614.8694317271355,803.1072521457022,315.9794326257561
2010-03,772.973,307.404,"1,200.530","1,010.334","1,408.542","1,249.490",651.0215564898823,860.4089902788322,332.2407211506385
2010-04,776.342,307.348,"1,198.564","1,020.033","1,364.888","1,267.923",660.6301336908753,883.0964598515928,336.8917133170244
2010-05,700.080,277.173,"1,079.801",926.404,"1,188.129","1,164.573",606.4744221826413,809.8456907801879,310.2068743850629
2010-06,676.739,268.247,"1,041.323",917.985,"1,177.025","1,100.946",573.7960991594457,756.8137416038339,299.11006754903565
2010-07,730.594,289.751,"1,124.826",991.410,"1,312.821","1,176.596",613.2605609539465,809.0060467944937,320.28462178524575
2010-08,703.248,279.064,"1,080.699",970.046,"1,261.721","1,124.576",584.1618479826086,758.5324494806537,306.4761109100909
2010-09,770.868,305.164,"1,179.194","1,075.529","1,399.176","1,223.445",635.3058621338757,849.8815979340466,330.14199485539206
2010-10,798.505,315.947,"1,222.226","1,105.754","1,458.637","1,269.147",658.7206911994259,899.6805892662665,340.25431956773275
2010-11,781.964,308.381,"1,193.558","1,075.853","1,344.749","1,268.833",657.2120563033417,896.3867495681878,336.81242757013166
2010-12,840.086,330.636,"1,280.071","1,151.385","1,456.830","1,352.688",700.1280300965866,951.8729820567162,354.30149458713396
2011-01,851.347,335.581,"1,308.083","1,119.079","1,512.867","1,381.055",715.9828314630564,968.8123286192238,363.9235506685756
2011-02,875.123,344.823,"1,351.647","1,107.767","1,559.612","1,429.691",738.8631824449263,998.3027978715879,374.15735919588775
2011-03,874.099,343.64,"1,334.925","1,170.870","1,542.529","1,428.966",738.0893614736781,997.8722449044845,377.0153518633757
2011-04,907.678,356.902,"1,388.620","1,204.028","1,657.043","1,468.298",759.121498794791,1031.0512785079827,392.03538361801964
2011-05,884.936,347.896,"1,354.607","1,167.972","1,588.340","1,446.467",748.8726351978112,1017.3304358242845,384.6678161057803
2011-06,868.746,341.817,"1,331.182","1,146.219","1,554.629","1,417.888",735.2001217780961,995.1632214034319,379.9106414068991
2011-07,853.444,335.896,"1,306.054","1,137.731","1,500.683","1,388.395",719.4121216775205,989.0131905573558,371.6142980024878
2011-08,787.791,310.618,"1,211.224","1,033.150","1,346.723","1,311.068",678.5559102131184,925.5327764468692,355.4038145170768
2011-09,709.291,280.639,"1,104.065",880.434,"1,197.082","1,205.669",629.8613890721828,866.6665936668418,333.9774167116752
2011-10,785.438,310.434,"1,217.296",995.562,"1,341.106","1,335.633",697.7119716974656,963.1897361078231,365.85396285658504
2011-11,760.237,300.447,"1,184.604",928.325,"1,275.982","1,325.377",694.182445605897,940.2009232579852,368.6286950299746
2011-12,757.157,299.511,"1,182.595",916.387,"1,255.535","1,331.569",700.1057403557796,934.7505519334259,373.8886603077186
2012-01,802.604,316.655,"1,240.894","1,019.394","1,312.830","1,394.062",730.6184927378258,1009.630414296636,386.59945359180045
2012-02,841.420,331.927,"1,298.720","1,079.443","1,392.160","1,451.008",760.2739055771242,1064.5460217540938,396.36657300359167
2012-03,844.701,333.297,"1,312.011","1,041.447","1,379.739","1,486.824",784.0950467167144,1109.282358431622,404.3223134463233
2012-04,833.422,328.673,"1,293.991","1,026.016","1,339.215","1,477.436",778.2163314484458,1093.0606293475503,404.37096674294645
2012-05,755.798,297.985,"1,177.645",906.296,"1,164.809","1,377.186",729.4605135202909,1014.4743322760769,379.27136458376214
2012-06,790.271,312.111,"1,235.716",937.354,"1,253.978","1,427.947",758.314311168859,1053.1216075612635,394.16378603338086
2012-07,798.636,316.024,"1,250.569",952.488,"1,266.904","1,446.420",767.8672319743614,1054.7254721135926,398.098965078932
2012-08,815.171,322.137,"1,279.208",947.328,"1,318.957","1,478.858",783.0428758114858,1100.4520368155636,400.61327659705455
2012-09,839.730,331.578,"1,311.504","1,002.656","1,355.940","1,515.443",802.0208232389576,1118.1305504048096,411.21064000976054
2012-10,833.385,329.067,"1,301.522",995.326,"1,374.182","1,487.946",786.1493045668825,1068.2561356535307,400.7852665983239
2012-11,842.298,332.642,"1,315.493","1,007.022","1,407.266","1,491.992",788.3872489091278,1080.100415639103,398.6161603807509
2012-12,861.438,339.749,"1,338.500","1,055.196","1,445.760","1,503.413",793.9597520674074,1083.4265796596353,401.0202847338552
2013-01,901.347,355.102,"1,405.466","1,069.010","1,528.576","1,576.484",833.9976310354739,1127.4236617106355,424.1693021158282
2013-02,900.748,354.43,"1,405.180","1,054.616","1,483.210","1,589.539",843.222185903234,1133.903768564859,430.1034502673578
2013-03,916.523,360.057,"1,434.515","1,034.904","1,475.459","1,642.564",873.5678331857545,1172.4147385770423,446.14071845348866
2013-04,938.624,369.422,"1,476.139","1,039.452","1,529.218","1,668.698",889.3669781567336,1194.3989570369022,454.13593740042114
2013-05,934.457,367.195,"1,471.933","1,008.878","1,522.273","1,696.430",907.832737241332,1240.0106784143825,462.5752222776512
2013-06,905.540,355.811,"1,433.548",940.330,"1,445.834","1,665.527",894.2158802171075,1221.1158417430956,456.2719904570205
2013-07,949.196,372.49,"1,507.913",947.553,"1,551.478","1,751.366",938.4456575439559,1301.1732896852782,474.3256807744541
2013-08,927.612,363.976,"1,472.738",929.536,"1,527.708","1,701.445",909.0741670738396,1288.076770703827,453.233460587505
2013-09,975.811,382.07,"1,543.672",987.458,"1,636.096","1,755.662",936.1186901515362,1353.2399767772959,463.00670648935005
2013-10,"1,013.091",397.109,"1,602.860","1,034.420","1,705.042","1,829.746",977.8656078133697,1406.4261891835722,475.739824105482
2013-11,"1,025.866",402.047,"1,628.424","1,018.284","1,722.020","1,872.721",1005.2942211808262,1456.7239737191871,492.28541165418295
2013-12,"1,042.913",408.549,"1,661.069","1,002.693","1,759.199","1,918.227",1028.981759788628,1498.5969360659503,507.2883191219933
2014-01,"1,003.382",391.921,"1,598.456",936.527,"1,690.125","1,850.014",992.3675985998237,1472.507966653388,480.42506484553513
2014-02,"1,050.571",410.129,"1,675.400",966.421,"1,809.995","1,932.077",1035.155542296482,1545.7911476470367,499.48618921036945
2014-03,"1,051.948",411.021,"1,673.874",994.653,"1,785.943","1,943.353",1042.3314117492757,1506.6343919840936,503.6466138926829
2014-04,"1,056.437",414.094,"1,687.742",995.283,"1,821.857","1,955.841",1048.7946890615137,1476.3401070600833,507.4162282801919
2014-05,"1,074.428",421.534,"1,715.184","1,027.693","1,825.265","1,995.819",1070.8511351118461,1522.2891752282687,511.5882783509491
2014-06,"1,095.491",428.746,"1,743.415","1,050.778","1,819.889","2,040.579",1091.2597712991046,1581.693571117123,514.9371074703655
2014-07,"1,077.412",423.043,"1,714.353","1,065.775","1,750.147","2,011.268",1074.803758539587,1567.9116713799003,506.8794879808351
2014-08,"1,100.331",431.549,"1,748.688","1,087.880","1,752.981","2,084.944",1115.2758117577025,1643.4409109852545,523.2564027984911
2014-09,"1,059.500",416.85,"1,698.408","1,005.326","1,685.775","2,041.657",1097.9736043258408,1612.2676497699083,521.5564661777777
2014-10,"1,067.015",419.451,"1,708.092","1,016.072","1,640.216","2,080.797",1123.448195720234,1661.5500651413938,532.1945035073782
2014-11,"1,081.261",425.821,"1,739.497","1,004.715","1,681.087","2,127.715",1151.0104116194786,1719.2786770504536,545.5898797556786
2014-12,"1,062.172",417.12,"1,709.672",956.308,"1,608.146","2,115.167",1146.1893037785867,1699.3360592927938,545.4316668857011
2015-01,"1,045.027",410.328,"1,677.537",961.605,"1,606.969","2,045.773",1110.6106641459326,1663.164704467874,525.2914733678115
2015-02,"1,101.812",432.474,"1,772.862",990.275,"1,705.441","2,160.397",1171.5748721228056,1780.9578642820834,554.9071056002919
2015-03,"1,084.707",424.758,"1,740.814",974.572,"1,654.000","2,123.357",1151.1940301550292,1758.478531810002,543.9948405988151
2015-04,"1,112.557",436.296,"1,778.400","1,047.781","1,717.700","2,148.030",1161.0031470667584,1773.0246521138597,545.9656577358629
2015-05,"1,110.324",434.515,"1,779.307","1,004.218","1,693.599","2,163.956",1173.1836749394677,1819.170995008783,551.1729949697781
2015-06,"1,083.775",423.509,"1,735.613",972.254,"1,638.879","2,118.013",1148.5331243896655,1789.332579391142,539.202192028256
2015-07,"1,089.027",426.781,"1,765.604",901.676,"1,689.051","2,150.615",1171.207499138651,1840.0716040682219,541.3550705185155
2015-08,"1,014.059",396.733,"1,645.430",818.730,"1,564.404","2,015.189",1097.9123754951481,1713.853446865581,505.8000900892891
2015-09,975.191,381.651,"1,581.922",792.049,"1,490.225","1,956.043",1068.8804637897044,1657.7538406485364,498.35359545396506
2015-10,"1,048.104",411.249,"1,705.803",847.839,"1,595.403","2,110.347",1157.579497244023,1813.3296658221316,540.5496014456724
2015-11,"1,040.035",407.197,"1,694.397",814.297,"1,563.655","2,110.078",1158.1639233749386,1833.0354137480424,542.275000356756
2015-12,"1,019.349",399.362,"1,662.794",794.139,"1,522.647","2,064.967",1137.8610954999867,1796.7025249106428,533.2505908514021
2016-01,954.857,375.017,"1,562.178",742.371,"1,421.364","1,955.630",1080.1313463750969,1655.5256523939597,503.9110391804729
2016-02,948.045,371.662,"1,547.174",740.327,"1,391.740","1,950.331",1075.6721749962114,1635.432362997761,505.44726403281885
2016-03,"1,017.312",398.255,"1,648.118",836.803,"1,474.191","2,083.440",1146.656980596373,1747.3447737198878,541.2091106286459
2016-04,"1,031.424",403.34,"1,670.796",840.190,"1,501.566","2,098.269",1149.752264481366,1713.4408518553964,543.918991663416
2016-05,"1,030.407",402.574,"1,674.613",807.454,"1,481.200","2,125.030",1167.3717609370933,1775.4035120069748,544.3339194093107
2016-06,"1,020.899",399.29,"1,653.229",834.103,"1,411.935","2,126.959",1168.4351446692522,1737.5922891160983,548.7036907395637
2016-07,"1,065.325",416.088,"1,721.788",873.471,"1,469.943","2,204.502",1210.0428873640953,1852.2173149306614,564.0738289868003
2016-08,"1,066.788",416.613,"1,719.524",893.678,"1,470.065","2,202.618",1208.567551166168,1870.548972553015,563.1141516765027
2016-09,"1,072.660",418.434,"1,725.665",903.460,"1,481.937","2,202.763",1207.075633575689,1905.9920227251375,560.2763614835341
2016-10,"1,051.113",411.015,"1,690.922",905.089,"1,432.148","2,159.686",1183.6273698989282,1861.9088300807168,555.2045840490556
2016-11,"1,060.847",413.43,"1,712.089",862.832,"1,398.608","2,230.283",1224.0772692892901,1910.1829718710505,585.2306014591954
2016-12,"1,082.341",421.839,"1,751.219",862.275,"1,471.076","2,268.166",1246.3564088781125,1931.510542306209,604.7862381699905
2017-01,"1,111.052",433.128,"1,792.403",909.228,"1,501.030","2,314.780",1268.646693337338,2014.635734888872,607.8920996594643
2017-02,"1,139.854",444.503,"1,838.699",936.371,"1,514.946","2,392.995",1315.8380161043376,2090.2187607651927,636.9079335730086
2017-03,"1,150.603",448.866,"1,853.690",958.369,"1,570.108","2,392.811",1315.3258957179912,2121.18406007944,632.3475536887858
2017-04,"1,167.379",455.173,"1,878.276",977.959,"1,619.063","2,411.482",1327.283798008738,2169.935270325286,640.8333102344735
2017-05,"1,187.181",463.794,"1,911.740","1,005.326","1,685.152","2,436.181",1342.6487687296683,2224.083153224515,642.9185881369187
2017-06,"1,192.094",465.088,"1,916.426","1,010.800","1,663.221","2,451.001",1349.1119780853792,2203.2363304360433,653.3534650792682
2017-07,"1,223.522",477.583,"1,961.100","1,066.233","1,712.132","2,500.546",1375.2157110053556,2277.7609756514194,669.9243953770701
2017-08,"1,225.404",478.406,"1,959.743","1,087.698","1,708.239","2,502.483",1375.96717427927,2306.65944552399,671.6681438729981
2017-09,"1,249.658",486.879,"2,000.553","1,081.722","1,763.376","2,552.442",1402.5274391466291,2330.807203593519,685.6532172029749
2017-10,"1,274.019",496.625,"2,036.804","1,119.079","1,770.157","2,604.156",1433.6469074003978,2413.9467625417165,715.4035126753718
2017-11,"1,297.119",505.442,"2,077.360","1,120.793","1,771.139","2,673.350",1473.907479906954,2466.440586209034,742.7961554631219
2017-12,"1,316.795",513.026,"2,103.448","1,158.454","1,796.645","2,702.777",1488.3983937795315,2476.9967112848894,756.4715571348618
2018-01,"1,387.067",541.673,"2,213.238","1,254.587","1,892.978","2,847.584",1572.014686764583,2659.303787530214,800.2384250617076
2018-02,"1,327.151",518.079,"2,117.993","1,195.193","1,777.754","2,731.802",1510.788846159335,2609.619464322905,765.9576947930587
2018-03,"1,299.318",505.808,"2,066.845","1,170.875","1,750.542","2,663.087",1470.1720455390277,2534.4276591080456,737.6169701981374
2018-04,"1,309.080",509.694,"2,086.514","1,164.428","1,788.794","2,673.593",1474.169112535329,2535.4394366807915,739.4543792785968
2018-05,"1,310.404",508.769,"2,092.923","1,120.710","1,717.220","2,731.809",1506.0234626704605,2670.2977363557306,747.1873246805876
2018-06,"1,300.444",505.198,"2,089.301","1,069.517","1,702.612","2,745.881",1513.3162853059641,2694.7612040678714,742.7674057878446
2018-07,"1,334.919",519.818,"2,153.096","1,087.456","1,758.438","2,839.435",1567.8282928844758,2752.705311459958,777.7699860114301
2018-08,"1,344.674",522.881,"2,175.498","1,055.960","1,704.605","2,919.825",1615.2758117577023,2909.773837052565,794.5901000851806
2018-09,"1,344.487",524.253,"2,184.009","1,047.908","1,709.277","2,928.184",1622.2122703664013,2887.1007338453396,809.6921670359122
2018-10,"1,238.328",484.571,"2,021.982",955.924,"1,577.236","2,720.398",1509.6252945065983,2621.4207328116618,768.6066695510979
2018-11,"1,253.884",490.857,"2,041.359",994.717,"1,559.721","2,764.442",1536.5862310562686,2630.261829201872,781.5424096187687
2018-12,"1,161.543",455.662,"1,883.901",965.776,"1,486.401","2,512.007",1395.5631183619214,2380.7963740694986,713.8801385094803
2019-01,"1,254.976",491.194,"2,028.492","1,049.927","1,582.534","2,721.121",1505.372167317124,2612.7520328078735,765.0540225674491
2019-02,"1,287.857",503.481,"2,085.845","1,050.951","1,631.855","2,805.238",1550.1252099007222,2702.7375153327007,793.0960733009132
2019-03,"1,297.939",508.548,"2,107.742","1,058.127","1,635.234","2,848.858",1577.9100513819299,2773.347501139345,793.4841042612055
2019-04,"1,338.643",524.844,"2,178.674","1,079.235","1,684.769","2,958.181",1639.9432155261636,2904.6967284325488,813.8112603243499
2019-05,"1,254.575",492.115,"2,046.246",997.998,"1,579.263","2,768.359",1532.0714712384192,2674.255319661488,759.4038447012474
2019-06,"1,332.965",523.442,"2,178.347","1,054.856","1,682.619","2,956.874",1637.6774090079095,2872.7089643711947,814.0270323155166
2019-07,"1,335.397",524.35,"2,187.564","1,037.009","1,649.174","2,995.635",1659.1770872337547,2933.4121147443366,822.1155532231725
2019-08,"1,299.198",510.877,"2,138.521",984.334,"1,602.617","2,937.972",1629.1598738455036,2857.1508912950117,808.0080696333871
2019-09,"1,323.932",520.651,"2,180.018","1,000.996","1,644.804","2,986.248",1657.1507595161222,2870.2330439109273,823.7240407728374
2019-10,"1,359.166",534.411,"2,233.526","1,041.981","1,695.378","3,043.863",1691.009283541133,2975.3713628841006,827.6840246317773
2019-11,"1,391.166",546.695,"2,292.259","1,040.045","1,718.095","3,149.656",1748.5831403934274,3109.246267318205,858.4451013071165
2019-12,"1,438.672",565.244,"2,358.468","1,114.660","1,784.164","3,236.314",1798.5748157188884,3219.447153346279,873.3494469983523
2020-01,"1,418.704",558.621,"2,342.414","1,062.343","1,738.442","3,237.564",1795.646568976894,3283.4373982336815,864.7069718485542
2020-02,"1,300.800",512.757,"2,141.124","1,005.516","1,573.273","2,969.393",1644.6138676166083,3074.0472701605986,777.5915706669334
2020-03,"1,110.587",442.346,"1,852.727",848.577,"1,341.522","2,574.501",1438.8409606606463,2762.863207891164,670.7213172491552
2020-04,"1,231.492",489.169,"2,052.845",924.937,"1,417.463","2,908.619",1621.3493583884517,3189.64815763407,745.0414991252194
2020-05,"1,285.748",509.47,"2,147.882",930.354,"1,476.534","3,050.714",1694.7670076498664,3405.048332089051,776.7882533369385
2020-06,"1,324.740",524.908,"2,201.788",995.098,"1,533.793","3,117.524",1725.931055385249,3609.174413590582,789.9403631021229
2020-07,"1,391.667",551.894,"2,304.982","1,078.919","1,590.316","3,298.639",1821.032137321113,3855.4966130636253,808.77438894052
2020-08,"1,473.896",584.864,"2,455.512","1,101.499","1,652.282","3,537.305",1948.6221474398399,4225.137942294076,870.0324756272162
2020-09,"1,426.038",565.148,"2,367.270","1,081.996","1,596.249","3,399.054",1872.181655951055,4007.000099206762,850.1912548239571
2020-10,"1,394.155",550.995,"2,292.925","1,103.458","1,504.842","3,305.896",1820.3862784899243,3915.1737946980666,811.0169233827879
2020-11,"1,569.060",618.266,"2,583.143","1,205.068","1,758.874","3,685.544",2016.160877563405,4377.014603541967,907.0184248211307
2020-12,"1,645.251",646.268,"2,690.044","1,291.264","1,840.218","3,831.152",2091.0037111059314,4624.427595598198,936.6368065028059
2021-01,"1,641.327",642.907,"2,661.691","1,329.566","1,812.799","3,791.439",2067.7169121369675,4689.8779537827895,917.5450496877021
2021-02,"1,683.375",657.146,"2,726.910","1,339.259","1,854.479","3,890.074",2121.666647412317,4733.530330660737,946.6098357510431
2021-03,"1,723.469",673.288,"2,811.699","1,316.425","1,905.022","4,033.239",2211.7072786197214,4753.092765330456,1009.3200500071015
2021-04,"1,796.022",701.83,"2,938.764","1,347.612","1,983.157","4,246.951",2327.656743428094,5009.931494774344,1036.6573451871452
2021-05,"1,819.540",711.45,"2,975.701","1,376.208","2,056.969","4,271.027",2340.4274057799744,4933.168149329609,1056.689712480086
2021-06,"1,839.321",719.97,"3,017.222","1,374.637","2,026.342","4,379.095",2392.4176825601126,5204.144083258344,1055.8653558866865
2021-07,"1,846.816",724.209,"3,069.249","1,277.805","2,062.239","4,473.093",2446.8405311753963,5264.685699619006,1069.1149515570214
2021-08,"1,889.880",741.271,"3,141.351","1,308.670","2,088.276","4,593.354",2517.7754566848494,5475.1487499181485,1082.1290509267474
2021-09,"1,811.622",709.512,"3,006.604","1,253.097","1,986.960","4,375.904",2398.0069709805243,5184.276801319954,1035.7108174164755
2021-10,"1,898.513",745.229,"3,174.725","1,264.754","2,074.043","4,678.301",2563.8143726695157,5560.957649662599,1096.1703684239508
2021-11,"1,845.705",726.531,"3,101.796","1,212.418","1,964.469","4,616.592",2542.448296975459,5575.059113433187,1055.2902428398702
2021-12,"1,916.975",754.828,"3,231.727","1,232.008","2,093.274","4,794.856",2653.3318745332235,5613.551862689082,1112.0452099103597
2022-01,"1,816.573",717.375,"3,059.047","1,208.232","1,996.536","4,529.794",2513.80598003845,5109.39334736536,1075.1250084145847
2022-02,"1,772.972",698.02,"2,977.954","1,171.310","1,937.557","4,397.479",2434.971787847878,4934.122636639795,1037.2005407150466
2022-03,"1,805.113",711.558,"3,053.070","1,141.787","1,927.370","4,549.701",2522.07873579114,5102.446684030405,1061.2465061262287
2022-04,"1,659.376",653.667,"2,795.615","1,076.190","1,807.598","4,137.644",2300.244983279297,4425.776500962174,1009.1872396568597
2022-05,"1,656.255",652.814,"2,791.013","1,077.666","1,808.413","4,124.910",2300.3673050276275,4334.908187755258,1009.5823235520432
2022-06,"1,510.773",596.774,"2,546.185","1,000.668","1,626.389","3,773.127",2107.320480941932,3957.2083786571,941.8070859432243
2022-07,"1,616.835",637.717,"2,746.365",993.782,"1,705.594","4,112.245",2299.3319193845314,4445.888011114661,1005.1451907165147
2022-08,"1,556.627",613.107,"2,627.321",994.114,"1,595.205","3,944.017",2201.7479777836525,4239.755894425609,964.2999711830827
2022-09,"1,403.678",553.371,"2,378.645",875.786,"1,454.897","3,574.487",1996.1142457946803,3794.624920694815,879.0742783872597
2022-10,"1,489.046",586.374,"2,547.716",848.163,"1,558.116","3,851.795",2155.53074387253,3942.6443879961134,1001.7122045434797
2022-11,"1,600.060",630.918,"2,720.889",972.285,"1,732.532","4,054.523",2271.39675806593,4114.818621350128,1058.5356687613037
2022-12,"1,536.728",605.382,"2,602.685",956.378,"1,731.581","3,812.318",2137.449143034218,3755.4646610402783,1014.3908711114252
2023-01,"1,648.905",648.365,"2,784.995","1,031.497","1,880.600","4,063.422",2269.4427360928667,4156.637709826135,1043.1202243729854
2023-02,"1,601.191",629.023,"2,714.571",964.006,"1,866.318","3,955.694",2210.1819264180317,4110.34787847544,999.3787589658754
2023-03,"1,636.360",646.762,"2,791.438",990.284,"1,902.850","4,082.801",2287.6523670277647,4385.328173997711,1018.2742887873502
2023-04,"1,654.502",654.997,"2,835.928",977.046,"1,971.686","4,133.828",2321.1489545907693,4387.003782777925,1043.4911609317614
2023-05,"1,630.506",646.375,"2,800.557",958.527,"1,843.051","4,141.318",2326.9108525893816,4641.29511033303,1007.077455794199
2023-06,"1,722.871",682.841,"2,966.724",989.475,"1,928.433","4,411.444",2477.5258931356434,4947.226163604434,1052.9608616654234
2023-07,"1,786.908",707.109,"3,064.297","1,046.912","1,985.863","4,558.463",2554.673404329782,5147.477180802243,1088.2128647474965
