,ACWI IMI,ACWI,World,Emerging Markets,Europe,North America,S&P 500,NASDAQ,Dow Jones,70/30
1969-12,,,100.0,,100.0,100.0,,,,
1970-01,,,94.249,,98.933,93.347,,,,
1970-02,,,96.979,,95.657,98.153,,,,
1970-03,,,97.075,,96.663,98.514,,,,
1970-04,,,87.8,,89.345,89.644,,,,
1970-05,,,82.06,,84.362,84.145,,,,
1970-06,,,79.837,,85.142,81.067,,,,
1970-07,,,84.585,,88.972,86.746,,,,
1970-08,,,87.175,,89.423,90.007,,,,
1970-09,,,89.788,,90.18,92.985,,,,
1970-10,,,88.264,,89.496,92.0,,,,
1970-11,,,90.035,,85.177,96.626,,,,
1970-12,,,94.292,,86.952,101.638,,,,
1971-01,,,98.42,,90.435,105.898,,,,
1971-02,,,99.255,,90.479,106.704,,,,
1971-03,,,103.407,,93.231,110.759,,,,
1971-04,,,106.587,,96.871,114.337,,,,
1971-05,,,103.859,,99.323,109.822,,,,
1971-06,,,104.711,,99.931,110.232,,,,
1971-07,,,102.836,,104.229,106.443,,,,
1971-08,,,104.877,,103.881,110.497,,,,
1971-09,,,103.676,,101.594,108.912,,,,
1971-10,,,99.54,,97.979,104.684,,,,
1971-11,,,100.176,,100.415,104.919,,,,
1971-12,,,108.993,,107.003,111.508,,,,
1972-01,,,112.774,,113.117,113.753,,,,
1972-02,,,116.888,,119.014,116.729,,,,
1972-03,,,118.297,,122.072,118.227,,,,
1972-04,,,119.654,,124.143,118.22,,,,
1972-05,,,121.882,,125.991,118.306,,,,
1972-06,,,118.841,,119.389,116.331,,,,
1972-07,,,120.466,,125.392,115.566,,,,
1972-08,,,123.678,,125.933,119.749,,,,
1972-09,,,121.59,,118.277,119.803,,,,
1972-10,,,122.381,,117.81,120.885,,,,
1972-11,,,128.591,,120.735,125.276,,,,
1972-12,,,130.737,,119.526,127.34,,,,
1973-01,,,130.825,,119.81,124.549,,,,
1973-02,,,131.515,,127.876,118.981,,,,
1973-03,,,131.476,,131.194,117.542,,,,
1973-04,,,124.631,,131.608,112.928,,,,
1973-05,,,124.046,,133.226,110.802,,,,
1973-06,,,124.611,,138.043,110.937,,,,
1973-07,,,127.351,,130.381,115.06,,,,
1973-08,,,121.822,,124.579,111.264,,,,
1973-09,,,125.11,,126.939,114.925,,,,
1973-10,,,126.136,,129.984,115.646,,,,
1973-11,,,109.548,,110.038,103.516,,,,
1973-12,,,108.41,,106.272,104.931,,,,
1974-01,,,109.006,,105.85,103.5,,,,
1974-02,,,110.459,,108.841,103.599,,,,
1974-03,,,107.416,,104.132,100.887,,,,
1974-04,,,105.382,,108.322,96.649,,,,
1974-05,,,100.892,,99.629,93.066,,,,
1974-06,,,97.476,,94.202,91.218,,,,
1974-07,,,91.462,,92.889,84.582,,,,
1974-08,,,82.39,,83.036,76.891,,,,
1974-09,,,74.454,,74.679,68.08,,,,
1974-10,,,81.329,,77.675,79.041,,,,
1974-11,,,79.808,,77.478,75.03,,,,
1974-12,,,78.237,,77.731,73.599,,,,
1975-01,,,89.398,,95.681,82.501,,,,
1975-02,,,97.047,,107.948,86.994,,,,
1975-03,,,97.51,,104.237,88.464,,,,
1975-04,,,101.3,,111.395,91.734,,,,
1975-05,,,103.447,,109.336,95.35,,,,
1975-06,,,104.505,,102.035,99.341,,,,
1975-07,,,98.483,,97.869,93.24,,,,
1975-08,,,96.723,,99.671,91.092,,,,
1975-09,,,92.428,,94.582,87.797,,,,
1975-10,,,98.555,,101.904,92.681,,,,
1975-11,,,101.013,,104.29,95.431,,,,
1975-12,,,100.863,,106.254,94.183,,,,
1976-01,,,109.636,,110.602,104.605,,,,
1976-02,,,108.582,,108.157,103.781,,,,
1976-03,,,109.621,,105.004,107.141,,,,
1976-04,,,108.579,,103.471,105.936,,,,
1976-05,,,106.525,,98.433,104.549,,,,
1976-06,,,109.559,,97.961,108.274,,,,
1976-07,,,108.288,,95.92,107.307,,,,
1976-08,,,107.791,,93.647,106.786,,,,
1976-09,,,108.443,,90.88,107.559,,,,
1976-10,,,104.395,,83.93,104.345,,,,
1976-11,,,103.725,,87.398,103.23,,,,
1976-12,,,111.262,,94.726,109.151,,,,
1977-01,,,107.261,,95.111,103.403,,,,
1977-02,,,106.52,,95.709,101.217,,,,
1977-03,,,105.581,,96.153,99.993,,,,
1977-04,,,106.46,,99.423,99.794,,,,
1977-05,,,104.734,,98.457,97.657,,,,
1977-06,,,108.395,,99.404,101.799,,,,
1977-07,,,106.659,,97.612,100.346,,,,
1977-08,,,106.77,,101.708,98.108,,,,
1977-09,,,107.812,,105.794,97.931,,,,
1977-10,,,105.68,,108.17,93.893,,,,
1977-11,,,106.709,,106.059,96.076,,,,
1977-12,,,108.521,,111.438,96.802,,,,
1978-01,,,105.02,,110.95,91.556,,,,
1978-02,,,103.901,,110.35,89.942,,,,
1978-03,,,108.282,,113.815,91.924,,,,
1978-04,,,112.831,,111.787,99.84,,,,
1978-05,,,113.929,,114.201,100.411,,,,
1978-06,,,114.736,,114.668,99.118,,,,
1978-07,,,122.678,,123.049,104.353,,,,
1978-08,,,125.16,,126.971,106.625,,,,
1978-09,,,126.266,,131.807,106.383,,,,
1978-10,,,123.462,,137.597,98.399,,,,
1978-11,,,118.757,,125.176,100.193,,,,
1978-12,,,122.28,,131.098,102.686,,,,
1979-01,,,125.06,,131.307,109.152,,,,
1979-02,,,122.353,,133.477,107.815,,,,
1979-03,,,127.068,,141.415,115.922,,,,
1979-04,,,126.522,,142.921,115.932,,,,
1979-05,,,123.964,,135.322,113.46,,,,
1979-06,,,127.17,,138.839,117.325,,,,
1979-07,,,127.746,,140.468,117.522,,,,
1979-08,,,132.489,,144.26,123.381,,,,
1979-09,,,135.076,,151.085,123.33,,,,
1979-10,,,124.639,,137.049,114.313,,,,
1979-11,,,128.077,,142.234,119.107,,,,
1979-12,,,131.101,,142.095,121.016,,,,
1980-01,,,138.591,,148.62,128.557,,,,
1980-02,,,138.248,,149.913,128.476,,,,
1980-03,,,122.959,,127.983,114.684,,,,
1980-04,,,130.581,,140.398,118.892,,,,
1980-05,,,136.573,,143.535,124.559,,,,
1980-06,,,142.683,,153.192,128.336,,,,
1980-07,,,146.628,,154.859,135.743,,,,
1980-08,,,149.054,,155.585,136.247,,,,
1980-09,,,153.086,,157.527,138.485,,,,
1980-10,,,157.102,,162.469,140.703,,,,
1980-11,,,163.233,,159.851,153.911,,,,
1980-12,,,159.228,,152.799,147.957,,,,
1981-01,,,154.155,,146.33,142.381,,,,
1981-02,,,154.165,,144.428,144.112,,,,
1981-03,,,159.204,,146.673,148.703,,,,
1981-04,,,158.838,,144.642,145.314,,,,
1981-05,,,155.298,,132.557,144.636,,,,
1981-06,,,154.584,,128.943,143.584,,,,
1981-07,,,151.506,,124.845,142.908,,,,
1981-08,,,148.096,,127.919,134.825,,,,
1981-09,,,136.528,,115.431,126.746,,,,
1981-10,,,140.274,,119.513,131.525,,,,
1981-11,,,150.253,,133.618,137.471,,,,
1981-12,,,146.62,,128.672,133.017,,,,
1982-01,,,144.023,,130.093,129.959,,,,
1982-02,,,134.865,,124.585,122.131,,,,
1982-03,,,130.746,,123.768,120.388,,,,
1982-04,,,136.721,,127.078,124.523,,,,
1982-05,,,132.831,,126.505,119.816,,,,
1982-06,,,126.395,,115.835,116.837,,,,
1982-07,,,124.336,,117.821,114.635,,,,
1982-08,,,132.927,,118.088,128.297,,,,
1982-09,,,133.113,,120.344,129.252,,,,
1982-10,,,141.829,,121.412,142.996,,,,
1982-11,,,148.919,,122.855,147.71,,,,
1982-12,,,155.156,,128.701,150.368,,,,
1983-01,,,158.034,,128.532,155.718,,,,
1983-02,,,160.914,,133.121,158.57,,,,
1983-03,,,166.139,,139.432,163.355,,,,
1983-04,,,177.561,,150.413,175.87,,,,
1983-05,,,175.383,,148.457,173.053,,,,
1983-06,,,180.452,,150.71,178.974,,,,
1983-07,,,176.796,,148.248,173.08,,,,
1983-08,,,177.312,,144.658,175.795,,,,
1983-09,,,180.467,,146.788,177.541,,,,
1983-10,,,177.908,,146.308,174.316,,,,
1983-11,,,182.061,,150.243,178.231,,,,
1983-12,,,183.952,,150.996,176.755,,,,
1984-01,,,185.039,,156.708,173.776,,,,
1984-02,,,181.537,,161.062,166.403,,,,
1984-03,,,189.609,,164.475,168.193,,,,
1984-04,,,188.45,,161.791,168.825,,,,
1984-05,,,173.852,,149.523,158.901,,,,
1984-06,,,174.884,,148.789,161.193,,,,
1984-07,,,168.266,,138.553,159.079,,,,
1984-08,,,184.682,,149.83,176.144,,,,
1984-09,,,183.518,,147.151,175.673,,,,
1984-10,,,185.009,,147.056,175.604,,,,
1984-11,,,183.845,,146.203,173.39,,,,
1984-12,,,187.205,,146.816,176.96,,,,
1985-01,,,197.057,,153.162,190.482,100.0,100.0,,
1985-02,,,196.964,,146.376,191.376,100.86287799968605,101.97344806569808,,
1985-03,,,203.303,,162.81,191.531,100.57340018443399,100.17940436960893,,
1985-04,,,202.242,,167.013,190.541,100.11133827467893,100.68173441451913,,
1985-05,,,212.126,,175.235,201.207,105.52246167081994,104.34157698455681,,
1985-06,,,215.397,,176.805,203.182,106.80287306604217,106.27915293631212,,
1985-07,,,219.314,,192.922,202.601,106.28513777166471,108.10906874634408,,
1985-08,,,220.587,,202.268,200.129,105.0102988116442,106.81736604513885,,
1985-09,,,221.702,,205.034,192.696,101.36391297758998,100.57408522276955,,
1985-10,,,233.095,,227.22,200.388,105.6727730136477,104.95155622121663,,
1985-11,,,245.573,,244.399,213.568,112.54801128621999,112.66594411440008,,
1985-12,,,256.514,,254.45,223.184,117.61954742312248,116.57695718187972,,
1986-01,,,259.748,,258.701,223.284,117.89789735710272,120.48797024935938,,
1986-02,,,282.575,,288.794,238.54,126.32633301824157,128.99174174881153,,
1986-03,,,309.601,,311.782,251.619,132.99559505792956,134.44563896491215,,
1986-04,,,317.502,,340.054,247.906,131.1139552805279,137.49551324826373,,
1986-05,,,315.983,,309.327,258.86,137.69971573784815,143.59526181496693,,
1986-06,,,328.041,,322.092,260.928,139.6425928405081,145.49694375283192,,
1986-07,,,330.052,,318.619,246.469,131.44797010456472,133.261563555509,,
1986-08,,,358.26,,353.483,263.49,140.80609352584966,137.38786405651413,,
1986-09,,,343.351,,330.311,241.588,128.77581753400716,125.8342292236841,,
1986-10,,,336.821,,331.616,254.056,135.8236314065166,129.45818872980524,,
1986-11,,,350.458,,348.757,259.134,138.7407417726732,129.02762481272808,,
1986-12,,,356.825,,356.905,252.588,134.81600600463872,125.15248385919122,,
1987-01,,,398.106,,372.012,285.543,152.5802923353872,140.68890883730768,,
1987-02,,,410.589,,384.631,295.421,158.2141092700178,152.4937141675797,,
1987-03,,,435.354,,402.942,304.003,162.3893582797213,154.32364092758542,,
1987-04,,,460.209,,418.004,300.326,160.52996577029742,149.91028686522182,,
1987-05,,,460.177,,414.976,301.205,161.4986350931582,149.4438398842281,,
1987-06,,,459.236,,426.102,315.703,169.23675985998236,152.38607592580388,,
1987-07,,,467.738,,439.733,331.064,177.39798196297863,156.04591849584153,,
1987-08,,,494.701,,442.68,342.8,183.59960965770975,163.25797634411475,,
1987-09,,,485.4,,444.857,335.154,179.16271103049957,159.41871845449444,,
1987-10,,,402.279,,359.522,262.515,140.17145601615735,116.00286100913644,,
1987-11,,,391.765,,342.885,239.812,128.20798129020903,109.50843158927262,,
1987-12,,100.0,407.994,100.0,361.993,255.907,137.54940439502042,118.58628831149434,,100.0
1988-01,,102.33,417.213,109.419,346.347,265.033,143.1108391339892,123.6813767883771,,104.407414436977
1988-02,,108.073,440.683,109.682,365.925,275.747,149.09536271456423,131.6828072929453,,108.59405245992966
1988-03,,111.222,453.227,120.643,375.152,267.224,144.12403697106885,134.4097559009956,,114.01351907633936
1988-04,,112.448,458.164,126.266,381.252,268.979,145.48236901889123,136.0602782913924,,116.47708603390434
1988-05,,110.041,448.228,129.617,373.265,269.493,145.94443942321217,132.8668717523747,,115.63625808934204
1988-06,,109.746,446.842,133.71,368.67,281.959,152.2574138871881,141.62181374926882,,116.4814170173857
1988-07,,111.593,454.478,129.921,368.675,279.881,151.43349196651917,138.96662031907786,,116.88455175381769
1988-08,,105.278,428.746,125.919,351.128,269.225,145.58814335293425,135.12737337943125,,111.1719172523093
1988-09,,109.618,446.168,133.736,369.398,279.433,151.37226313582676,139.110152574744,,116.40458198463052
1988-10,,116.601,475.074,132.541,402.762,287.194,155.30256284449712,137.24434275082174,,121.37161486438418
1988-11,,120.314,490.802,131.761,406.826,282.144,152.36876065643287,133.29744661942556,,123.97006019035413
1988-12,,121.202,494.428,134.871,408.086,286.156,154.60668800954653,136.84965094768737,,125.48900810001511
1989-01,,125.369,511.511,132.661,422.022,307.183,165.60151040176578,143.98994266812758,,127.90717090669726
1989-02,,124.408,507.484,142.524,416.347,297.044,160.80831570427765,143.415857445358,,130.05515332491382
1989-03,,123.495,503.406,155.992,418.479,302.566,164.1540873472422,145.92751861988285,,133.01051423885218
1989-04,,126.365,514.189,184.242,429.197,317.427,172.37655527006262,153.4266190795408,,142.23130449243305
1989-05,,123.158,500.763,186.076,406.365,327.979,178.4334355626019,160.10046381898732,,140.05638513405682
1989-06,,121.227,494.288,163.285,422.246,326.509,177.01943013015713,156.18943980153395,,133.6423837387014
1989-07,,134.694,549.295,173.493,471.025,355.121,192.66268282854094,162.82740147706386,,146.55954345662704
1989-08,,131.299,535.165,177.004,464.248,359.562,195.65217539035928,168.3889369349403,,144.81027039107673
1989-09,,135.039,549.417,198.982,471.304,357.443,194.37175550057117,169.68065058611924,,152.90396735470208
1989-10,,130.458,530.233,201.307,439.481,349.028,189.4783589042418,163.4732637776402,,149.70268331517133
1989-11,,135.359,550.528,191.64,462.921,354.971,192.61258187912028,163.65266814724913,,151.55698813596453
1989-12,,139.569,567.338,214.698,511.749,361.928,196.73772993940318,163.1862102162817,,160.26694263447808
1990-01,,132.914,539.944,221.271,509.35,336.668,183.19878507321297,149.19266938678618,,156.3219597410045
1990-02,,127.092,515.886,229.757,496.109,340.343,184.76312733218305,152.7807567789645,,153.2448898159073
1990-03,,118.996,483.818,197.85,502.064,347.008,189.24455447361214,156.26120592936698,,140.19232424723356
1990-04,,117.243,475.922,210.656,487.654,337.479,184.15630952567022,150.73555353540706,,141.31296703345222
1990-05,,129.242,525.101,227.603,526.255,367.21,201.09669941944742,164.6932113009861,,154.94521981163052
1990-06,,128.119,520.408,235.143,543.594,364.855,199.30968061111943,165.87727576041547,,155.51576340837147
1990-07,,129.157,524.178,255.211,565.311,363.879,198.26865457629447,157.22999390524464,,160.2860795669167
1990-08,,116.748,474.129,221.94,508.023,330.664,179.5691080501981,136.77789576982806,,143.30430824909143
1990-09,,104.283,423.145,193.088,446.981,314.375,170.37798779364866,123.60961066054404,,126.92862814071766
1990-10,,113.615,461.64,189.248,483.414,311.727,169.23675985998236,118.33511781405237,,134.2543505660969
1990-11,,111.441,453.05,178.958,486.993,330.28,179.37983213378737,128.84822044311917,,130.31569974856038
1990-12,,113.564,461.527,185.162,478.687,338.81,183.83343107747112,134.1227023396371,,133.3778420289736
1991-01,,117.497,477.387,200.192,493.513,352.751,191.46578151025227,148.6185841640166,,139.8342071458724
1991-02,,128.281,520.574,229.627,535.434,376.07,204.34782460964075,162.5762419295956,,154.85742461921367
1991-03,,124.438,504.264,238.234,498.387,383.543,208.8849251356922,173.05345054477218,,153.202493928397
1991-04,,125.212,507.243,238.953,492.02,384.225,208.95172640158637,173.92177251166774,,153.97474881725654
1991-05,,127.942,517.764,256.968,505.389,399.028,217.01830205181142,181.5966857495509,,159.69283132896442
1991-06,,119.884,484.846,247.267,461.878,380.329,206.62472503090322,170.7642599865403,,150.7772453174424
1991-07,,125.336,506.778,259.509,492.752,396.294,215.89377443461868,180.13634250291432,,157.79098930334158
1991-08,,124.821,504.198,264.266,500.61,404.538,220.1358247102164,188.6185754040376,,158.09640017425636
1991-09,,127.737,516.432,253.839,514.441,396.401,215.92160263236403,189.0491502710885,,158.91028944829642
1991-10,,129.699,523.818,263.957,502.453,402.951,218.4768699767385,194.82596221251666,,162.40144667420134
1991-11,,123.853,499.994,259.773,489.442,386.08,208.8849251356922,187.97990723620254,,156.45879900604288
1991-12,,132.78,535.364,288.796,526.399,426.082,232.19394588893593,210.38392578896202,,169.45050157072956
1992-01,,130.533,524.448,322.13,525.022,418.782,227.56777134531498,222.53677603427428,,172.8995487608244
1992-02,,128.293,514.402,335.967,525.87,421.993,229.75004230293797,227.29456152034692,100.0,172.80923421343587
1992-03,,122.311,489.176,346.585,506.273,412.167,224.73417105609204,216.63795948553522,99.0145989028054,168.5155574513782
1992-04,,123.67,494.993,342.45,533.011,422.066,231.00261700584906,207.63543858258285,102.79707891942762,169.3151282725248
1992-05,,128.131,513.665,340.418,562.118,422.776,231.22529355520686,210.0143422755929,103.95384989755686,173.4845315934189
1992-06,,123.278,495.424,305.519,550.359,415.753,227.21149226416878,202.22459666319259,101.55461179383703,163.8364575320809
1992-07,,123.39,495.645,308.38,529.386,431.549,236.15764623055338,208.40688613188019,103.85898642900268,164.34788543635844
1992-08,,125.873,506.637,293.44,526.299,420.212,230.49044565210744,202.05237547635124,99.68479208672659,164.51058946332648
1992-09,,124.525,500.953,294.069,516.324,421.539,232.589198038231,209.28238033156958,100.12241025980875,163.3244199186914
1992-10,,121.216,486.384,309.629,479.153,423.507,233.0790966402973,217.1402785804717,98.73305679951113,162.59207771018512
1992-11,,122.976,494.113,306.055,477.827,434.627,240.13249144257435,234.20522134167402,101.14759618570706,163.83764060360392
1992-12,,123.882,497.132,314.929,487.708,438.723,242.5596947120988,242.89558039350263,101.02243647670339,165.96349845169163
1993-01,,124.065,497.833,316.189,487.46,440.881,244.268767384129,249.85288710292383,101.29448999174345,166.3265157763887
1993-02,,126.728,508.673,321.229,492.026,446.631,246.82959017457353,240.67814501313012,103.15543375960505,169.65703944523997
1993-03,,133.75,537.2,331.295,516.303,454.94,251.44463683692265,247.62467694839998,105.12318018029663,177.9121473426204
1993-04,,139.54,561.116,337.122,526.608,445.303,245.0537162366491,237.32327016147488,104.89182299613904,184.3953333426909
1993-05,,142.542,573.068,345.394,531.207,455.351,250.6207149162538,251.35629659624445,107.94840359732554,188.50207912639615
1993-06,,141.349,567.291,354.819,522.417,455.447,250.8099908326645,252.58341635238418,107.6010689679158,188.71503435601724
1993-07,,144.013,578.019,363.231,523.221,453.748,249.47391454738573,252.85252290679753,108.31685967476257,192.5553870438973
1993-08,,150.583,603.556,393.46,568.124,468.342,258.06378943262416,266.53749347655315,111.73761528167772,203.3178665598388
1993-09,,147.797,591.436,407.469,565.329,461.656,255.48626632570617,273.6921406125547,108.79579429906192,202.63160777676842
1993-10,,151.915,606.772,443.777,587.867,470.628,260.4408917527279,279.6053016268814,112.63549722705348,211.72630721417147
1993-11,,143.762,571.488,463.173,574.169,465.971,257.0784367824216,270.68173003452966,112.7383176613484,205.8840904450137
1993-12,,151.279,598.496,539.344,616.274,471.495,259.67266020581314,278.7226242444244,114.8847857510393,222.85260106167297
1994-01,,161.054,637.008,548.878,646.648,488.364,268.1122152536579,287.2156209697253,121.74802359057296,234.07249073731413
1994-02,,158.466,627.79,538.779,622.72,472.955,260.0567844738364,284.3559258301339,117.26964154579113,230.40940864489073
1994-03,,151.071,599.737,489.211,604.035,451.432,248.16009402465053,266.7599531428724,111.26970086814605,216.84292290309187
1994-04,,154.903,617.299,478.355,627.974,456.138,251.02153950075058,263.30821482359266,112.66915556570328,219.84418829365367
1994-05,100.0,155.536,617.906,493.66,600.2,462.582,254.13348972395377,263.79259786155774,115.01576562559421,222.10569053558916
1994-06,99.9773353502325,154.502,615.194,479.18,592.783,447.575,247.32504422270986,253.3046254222036,110.93307265367199,219.4688760698814
1994-07,101.43016486622763,157.656,625.894,508.729,622.737,461.999,255.11328692808638,259.11730947757457,115.20335576251304,226.20102895767542
1994-08,104.60041458482945,162.998,643.738,571.296,641.362,479.633,264.705214780001,274.71114516796274,119.76068734436754,239.06119134273354
1994-09,102.05025949750689,158.893,625.806,577.286,614.77,469.689,257.5905911470314,274.2339234128177,117.61146980548169,235.15164258802042
1994-10,104.15043215629952,162.678,642.57,566.108,640.354,478.459,262.9571860289536,278.97020315048263,119.59849972718442,238.1951144166261
1994-11,98.99435166368715,155.33,613.676,535.995,614.671,460.515,252.56916445411542,269.22137583791937,114.4300283484649,226.8964901573779
1994-12,99.73846522122226,155.596,618.59,492.578,617.002,466.323,255.67554224211685,269.809827426224,117.34369736215004,222.6545358336893
1995-01,97.62912483892819,152.153,608.263,439.837,610.993,476.047,261.88275936118146,270.97236423729817,117.6319786045036,212.90059663649706
1995-02,98.05160409695377,153.493,616.074,428.107,623.62,494.2,271.3299568000359,284.7972535713887,122.74841964574095,213.1110165399864
1995-03,102.17351444680428,160.21,644.674,429.803,651.249,506.853,278.74518612952926,293.2220976601877,127.23597648294493,220.2895725148054
1995-04,105.17059605482298,165.732,666.043,448.288,670.769,521.355,286.5390012701075,302.8273927170849,132.2419464486493,228.2431964548266
1995-05,105.58772747413938,167.244,670.635,470.954,683.201,540.758,296.9437231614192,310.2188658849407,136.6447410545587,232.80680247470715
1995-06,105.61268405478224,166.966,669.317,471.383,688.312,552.813,303.2622530714651,334.9300220028772,139.42834916719707,232.55014787860296
1995-07,110.6554412985571,174.737,701.687,481.278,722.839,570.062,312.8987264267303,359.2429056762693,144.09126557520008,241.8873480956592
1995-08,108.56927488400284,170.611,684.957,469.281,693.595,569.084,312.798524527889,366.02437770751783,141.09496365908058,236.0414166284821
1995-09,110.91366551051487,175.0,703.797,466.406,713.212,592.045,325.3409548843414,374.4312857393455,146.55813415205157,240.15227744103242
1995-10,108.5646910222521,171.776,691.604,448.106,708.503,590.477,323.7209732190123,371.7474033779793,145.52988498112632,234.41309932287493
1995-11,111.45787176392092,176.881,714.509,439.69,712.22,615.181,337.00939634896764,380.0501990595725,155.2924169967064,238.5267405281689
1995-12,114.5593635562618,181.895,734.28,458.369,733.448,623.24,342.8881455954996,377.5134405452561,156.59700075438013,246.18683266275036
1996-01,116.53577194778472,185.639,746.451,490.519,736.94,644.915,354.0722608932614,380.26192775163537,165.11001270947833,254.22355097444535
1996-02,117.33234525646705,186.093,749.857,481.92,748.998,649.903,356.52729236053113,394.707571096537,167.87404593926155,253.69856003762817
1996-03,118.85367803973699,188.636,761.184,484.796,756.568,655.711,359.3497647684823,395.191954134502,170.98081893091404,256.83534520255694
1996-04,122.38350624678492,192.895,777.929,502.463,760.684,665.194,364.1763431097858,427.16898722159965,170.42813481475847,263.5982502840458
1996-05,122.39420192420329,192.759,777.437,498.991,765.168,681.459,372.4990129314475,446.1535698775859,172.69578786624737,262.93511553775284
1996-06,122.21263006707717,193.484,780.202,501.041,772.185,683.176,373.33963516858995,425.1955391559016,173.0461782693547,263.91378053502586
1996-07,116.81767944545459,185.927,751.451,465.872,761.075,652.464,356.2600872969544,387.72512324742934,169.19883217145446,251.54861305910288
1996-08,118.40675151904085,187.894,758.902,477.132,782.207,666.689,362.9627414750236,409.5801758171582,171.87043011471704,255.11852989086745
1996-09,122.06467319612307,194.511,787.436,480.616,797.231,702.334,382.63652975918245,440.2296340891078,180.00948709398835,262.3919410845315
1996-10,121.72521276758292,194.976,791.751,467.432,814.284,721.099,392.62372674952377,438.28846654596873,184.51448948518728,261.2391033065066
1996-11,127.04478432930462,205.077,834.929,474.708,854.069,774.373,421.43294491647805,463.7997591443778,199.58075382575024,272.4316695053778
1996-12,125.19876133869134,201.784,820.362,476.315,869.129,757.893,412.36985475651517,463.23285710437585,197.33360210195391,269.3811640870487
1997-01,126.42850958281764,204.858,829.082,508.415,870.096,807.845,437.6551532453659,495.10223004975006,208.49802446845413,276.8317974202643
1997-02,127.5556302555248,207.339,837.44,529.859,880.185,811.743,440.24939365788913,469.68063963614554,210.47649224674007,282.28819730624815
1997-03,124.36246122816934,202.842,819.678,514.608,907.148,774.018,421.48860131196875,438.3566191824706,201.4713737137266,275.6595473154179
1997-04,126.47154695147726,208.993,845.281,513.702,901.196,822.065,446.1058871418776,452.3717095602688,214.4933777498881,281.5411948560228
1997-05,134.86739906591083,221.109,896.244,527.013,938.207,868.632,472.23738030307254,502.44703442956444,224.3474036644928,295.6118940707426
1997-06,140.8676740976159,232.081,939.746,554.125,983.669,905.807,492.7573292813122,517.427299291909,234.8073543880873,310.2181014949342
1997-07,146.2460718851386,242.237,981.845,561.319,1028.33,975.643,531.2642496342239,571.8729776767266,251.632638621737,321.1544007046709
1997-08,137.4980263928573,224.917,914.974,489.238,968.114,916.914,500.734813924836,569.5442686632995,233.26498810302874,293.4711073372853
1997-09,143.8492215074793,236.582,963.489,502.045,1060.528,963.931,527.3506672311589,604.8402825881622,243.1465533375586,306.6683821844976
1997-10,135.31687217646848,222.174,911.569,419.257,1006.861,935.521,509.1688305157425,571.801189648946,227.74735161921265,279.9294427668357
1997-11,135.61711512114127,225.256,926.496,403.668,1020.833,975.975,531.8710674407367,574.2913450750632,239.4069288659964,280.01560812751376
1997-12,136.7618072638929,227.875,936.591,412.465,1056.662,989.723,540.2382487874856,563.4552948707476,242.01425843432767,283.98200752130765
1998-01,139.12937185814476,232.576,961.488,379.797,1099.164,999.876,545.7217628738543,581.0405146838053,241.95917979447717,282.5187165690826
1998-02,148.8387550231485,248.164,1025.297,419.232,1183.552,1069.509,584.1674204178103,635.27446437656,261.52094299532615,304.4435604149145
1998-03,154.72112294426532,258.389,1067.354,436.016,1266.257,1124.936,613.344079525446,658.6580456793483,269.2967439423769,316.84174045346583
1998-04,155.8999393911613,260.455,1076.53,430.407,1289.193,1136.57,618.9110782050507,670.401848705965,277.3623726969534,317.52567826243984
1998-05,152.49107420253537,255.141,1061.791,370.098,1313.687,1112.994,607.2593200677662,638.2741001804336,272.36130392329216,301.13496883608207
1998-06,153.79263628075645,259.395,1085.737,330.521,1326.452,1155.308,631.2085592604699,679.8492670416084,273.9547591583368,296.22820346661507
1998-07,152.58198746059153,259.118,1082.741,339.834,1351.032,1139.632,623.8768654916078,671.8299004800687,271.85146040953794,298.16003405480797
1998-08,130.00494038433132,222.452,937.092,240.312,1179.439,976.194,532.9176659107635,537.9440022723386,230.71487397473751,243.88907254631494
1998-09,132.60653658685652,226.527,952.393,254.87,1130.577,1037.683,566.1693381509981,607.7645825727665,240.0042915315695,251.10906583710886
1998-10,143.87723399595603,246.874,1037.208,281.402,1219.372,1117.655,611.6294683964775,635.5902178190674,262.9402863715706,274.60490803080233
1998-11,151.8029856219536,261.527,1097.621,304.528,1282.573,1191.049,647.7926700731008,699.5120034707037,278.9898075378092,292.5713357293718
1998-12,158.83997738628202,273.301,1149.952,298.973,1336.97,1258.043,684.3121678200022,786.7563133716043,280.9752983656691,300.73446234327315
1999-01,161.64912066252083,278.551,1173.844,293.914,1326.7,1312.754,712.375427191717,899.135192974672,286.4042053423143,303.5815712613496
1999-02,156.9542275938291,271.211,1141.327,296.565,1291.35,1273.341,689.378123027137,820.9651701045569,284.8052213235624,298.516308622648
1999-03,163.83485874066037,283.043,1187.545,334.745,1303.738,1324.885,716.1220064300466,883.1717956708621,299.4816018141583,318.5075582951755
1999-04,171.97146800719156,294.915,1233.057,375.665,1340.883,1374.477,743.29455960433,912.4004291513705,330.17229856717086,338.73272482011834
1999-05,166.55359807681532,284.107,1186.701,372.33,1274.783,1340.875,724.7341370778286,886.4441734204279,323.1551364006976,328.9164755414963
1999-06,174.88247487789098,297.892,1240.75,413.808,1294.595,1410.986,764.187454001926,963.803372635709,335.7346136004045,350.39546723391226
1999-07,174.58325056916283,296.311,1235.701,401.94,1304.857,1365.913,739.698232246867,946.7132668348729,326.0749319044366,346.38255988770044
1999-08,174.81320763365778,295.599,1232.161,405.296,1316.368,1355.313,735.0720916815095,982.9027548162912,331.4037529533231,346.55558212983635
1999-09,173.6427949333048,292.055,1218.897,391.069,1304.446,1316.595,714.0844658854837,985.3461757545243,316.3371897595868,340.2946393887721
1999-10,181.93118095558236,306.497,1280.942,399.053,1350.686,1401.406,758.7429809402329,1064.38098375002,328.3612483366019,354.50417127723085
1999-11,189.7316403603934,315.679,1315.675,434.698,1385.408,1431.055,773.2060326368016,1197.0433318930468,332.8888739130243,370.73260408538783
1999-12,205.59383928980702,341.626,1420.885,489.42,1525.772,1533.645,817.9312810009181,1460.1040116104762,351.84136514934175,405.4858640249016
2000-01,196.02375459022824,322.834,1338.246,491.393,1415.479,1453.709,776.2956761300661,1413.8320506169105,334.80828830425406,389.46804876250496
2000-02,201.47447552981802,323.592,1340.583,497.741,1487.641,1422.989,760.6858580428928,1685.2133963730623,309.95225148135916,391.45353119826996
2000-03,209.24055597149854,344.498,1431.938,499.404,1521.865,1562.944,834.259263663849,1640.7713949894235,334.2387638117796,410.51901542451617
2000-04,196.23945075149865,328.684,1370.108,451.359,1453.024,1510.695,808.5676191226949,1385.238515612801,328.4851827475948,386.26273031213816
2000-05,189.03412939732402,319.776,1334.136,431.703,1439.486,1469.905,790.847818833336,1220.2761977574016,322.01028966418545,374.11749048795906
2000-06,197.4083354979347,330.209,1377.722,445.518,1468.66,1510.705,809.7756143439918,1423.0749672431537,319.73222157960487,386.26479852080945
2000-07,190.78923912988117,320.16,1337.647,422.082,1443.551,1485.912,796.5428476095273,1351.6289290421992,321.9995907205791,372.3041495128479
2000-08,199.42803591710341,329.761,1379.87,423.56,1424.921,1564.555,844.8922855071153,1509.2751752488546,343.2108142411606,380.9215374766472
2000-09,188.79449529135533,311.309,1305.245,386.031,1356.578,1474.359,799.7049327604145,1317.8399381019885,325.94546870973653,356.3757348673906
2000-10,182.5629899002246,304.895,1282.138,357.847,1344.717,1456.643,795.7468048539988,1209.0526498826928,335.7450136908374,344.15378019998474
2000-11,168.99705104894036,285.682,1203.054,326.356,1291.062,1339.522,732.0324641920071,932.159963348248,318.7101138413922,320.20847820229466
2000-12,172.47391018686875,290.113,1221.253,333.793,1378.396,1337.555,734.9997179804136,886.4441734204279,330.14017185103455,325.7882817668255
2001-01,177.33433159655905,297.271,1244.222,379.022,1378.655,1385.971,760.4575920692015,994.8797484834835,333.18115231657157,343.3207268690669
2001-02,161.92822691134302,271.968,1137.879,349.024,1256.11,1256.118,690.2744016597702,772.0954373430458,321.1824962592922,314.62859925221164
2001-03,150.08709337326388,253.117,1061.262,313.138,1159.783,1173.433,645.9555333262206,660.301373937004,302.3160149662681,290.09428199165205
2001-04,161.19837425703238,271.089,1138.087,327.709,1239.079,1263.437,695.5741952757982,759.3254027783587,328.5176083169045,308.843893728912
2001-05,159.6953769207654,267.374,1121.088,330.545,1174.032,1269.768,699.1147982812436,757.2622525278562,333.93336575392175,306.4165901867679
2001-06,155.16015503639076,258.844,1084.788,322.888,1127.558,1239.054,681.6121870516993,775.2206474456668,321.4003901079899,297.34208918902993
2001-07,151.3545311473406,254.542,1069.669,301.666,1129.704,1226.512,674.2915701967138,727.3519612826449,322.02496335499745,288.5782960052647
2001-08,144.77388828619596,242.414,1016.732,298.169,1097.859,1143.844,631.063811858278,647.8040813180089,304.48787063303604,277.5776665533766
2001-09,130.32835729674392,219.961,926.023,251.395,987.578,1054.494,579.491127935637,537.7825558596485,270.75801641884397,247.1794162089934
2001-10,134.01734737013663,224.482,943.2,266.861,1018.718,1068.251,589.9794023767115,606.4585135060261,277.7225505414883,254.9509014373841
2001-11,141.92960206986822,238.0,997.928,294.426,1058.837,1149.41,634.3316373649449,692.7089599912049,301.482991630841,273.20657576525593
2001-12,143.7315690558773,240.033,1003.516,317.4,1085.759,1155.707,639.1359599437048,699.8205737304437,306.6857564112037,280.67294531105733
2002-01,139.84776485807856,233.258,972.418,327.746,1028.45,1138.518,629.1821635863106,693.9468764214434,303.5774443257084,277.32914767434755
2002-02,138.594078669254,231.208,962.732,332.765,1026.687,1114.903,616.1164339948448,621.2737403642968,309.27349615402113,276.66954538855975
2002-03,145.3618958852201,241.171,1003.597,351.427,1079.624,1155.406,638.751869653945,662.1276981556521,318.38726275821006,289.5450056069619
2002-04,142.01898737400745,233.131,968.25,352.838,1068.379,1082.002,599.5212462683372,605.7516708017417,304.37983521086596,282.75526174329553
2002-05,142.001415903963,232.824,967.847,346.28,1060.5,1073.515,594.0767052501175,579.7380372084488,303.7381077917074,281.0962573367719
2002-06,133.18970566514378,218.252,907.81,319.752,1021.604,991.139,551.0326673820224,525.0125212949614,282.8674573474883,262.4301709476157
2002-07,121.77461661089635,199.729,830.549,294.623,906.931,917.276,507.49873091186106,476.5912994574726,267.3620581539884,240.60867696536258
2002-08,121.97630652792843,199.846,830.582,298.886,903.91,920.472,509.9760521199379,471.77966200059086,265.12532146328374,241.65980353558294
2002-09,109.16797816044534,177.625,738.179,266.106,784.351,816.453,453.86628466037706,420.5453919116048,232.3325363168244,214.88925950687036
2002-10,116.21006310449677,190.489,791.883,283.161,859.515,887.417,493.1024804811866,477.1259209749156,256.970664348363,229.96453652095235
2002-11,122.34377944494528,200.604,833.471,302.358,900.778,939.155,521.2436520109355,530.5991978925243,272.24316726386246,243.09576623817136
2002-12,116.7575799247228,190.797,792.215,292.09,867.447,882.744,489.7956819063708,479.1926628168019,255.27527029588478,232.1960233017848
2003-01,113.3255407683571,185.033,767.478,290.438,825.795,862.09,476.36808380942546,473.9540639842005,246.4672454307031,226.72680529451074
2003-02,111.16093938606812,181.416,752.864,281.288,796.995,849.074,468.2681075262533,479.9138718866214,241.48729063373983,221.5618883360723
2003-03,110.6159691557036,180.201,748.628,272.267,781.794,854.986,472.18168992931845,481.2235325447454,244.579673845095,218.5575844535507
2003-04,119.99098507189024,195.753,813.302,295.166,882.786,924.588,510.44923341639884,525.4072459480169,259.51250024375213,237.2889546228989
2003-05,127.26480969333964,206.535,857.649,315.436,935.729,973.714,536.4304407184636,572.626467269105,270.8406493212783,251.2346487772122
2003-06,129.59595805257177,210.079,871.066,332.684,942.252,984.937,542.5040213274764,582.2748395226599,274.9775243735309,258.10710017601264
2003-07,132.5140953748835,214.455,887.78,352.624,960.008,1001.247,551.3054448808009,622.5403457257106,282.5779582784533,266.21491926191004
2003-08,135.83357525937018,219.098,905.324,375.518,955.208,1019.798,561.1590393393539,649.6052643969707,288.1482526914156,275.08268745106477
2003-09,136.61104914409114,220.151,909.641,377.634,973.867,1007.908,554.4563511830212,641.1696674339678,283.84061293590446,276.4659093618216
2003-10,144.97048502350503,233.236,962.707,409.115,1038.222,1064.331,584.9300965186551,693.2938199881258,299.93941499043035,294.6698751466425
2003-11,147.14017958551705,236.424,976.019,413.325,1080.767,1073.827,589.0997730931568,703.3584226431441,299.3683663467718,298.43178529357186
2003-12,155.59969644648848,251.131,1036.318,442.778,1169.243,1127.896,619.0057416469535,718.8266621348375,319.91676341415547,317.7176410279725
2004-01,158.66298939090663,255.195,1052.289,457.191,1182.211,1146.695,629.6999243643855,741.352641495013,320.9618529613996,324.24778549488593
2004-02,161.6223814689749,259.511,1068.648,477.732,1215.13,1159.225,637.3879142035257,728.3171357671913,323.89509685793996,332.1467496179626
2004-03,161.04736147824448,257.43,1059.157,482.062,1172.656,1139.91,626.9609365496705,715.5435534110154,316.9721929823447,330.9849590502814
2004-04,156.5286924279697,250.932,1035.657,441.299,1158.219,1117.514,616.4337909752373,688.9666093691042,312.92867966145013,317.4479660298097
2004-05,157.40802990715136,252.278,1042.626,431.263,1171.019,1131.244,623.8824379268094,712.8596710496491,311.79270886418686,316.7774391503342
2004-06,160.64983880086174,256.895,1062.514,432.2,1183.771,1152.119,635.1054583361931,734.7649620988559,319.35246885221477,321.21366813781896
2004-07,155.01067021151974,248.451,1026.991,423.14,1150.148,1113.36,613.3273622198408,677.2012567941849,310.301132675941,311.676244880848
2004-08,155.58059702252714,249.507,1029.631,439.746,1147.191,1116.856,614.7302567601454,659.5263347963228,311.3480452275427,315.90657664434434
2004-09,158.94031302682578,254.373,1047.861,464.151,1192.383,1130.901,620.4865143670291,680.6027566339868,308.48210306564334,325.08149698116785
2004-10,162.67616035367038,260.379,1072.698,474.271,1234.844,1149.496,629.1821635863106,708.6436683638395,306.8662936132312,332.6015340030352
2004-11,171.65034302565434,274.17,1127.339,517.95,1322.638,1194.598,653.4654091084851,752.3537735032974,319.1241450277668,353.6504486169137
2004-12,178.27376859647245,284.521,1169.341,542.174,1377.946,1233.457,674.6757284430005,780.5668626200966,329.9877567326203,367.8357400692257
2005-01,174.58783443091357,278.299,1142.35,542.282,1351.52,1200.808,657.6128638987068,740.0107003143299,321.01908334409825,361.91439284887855
2005-02,180.3431275179407,287.494,1176.703,588.681,1416.423,1226.029,670.0439474859144,736.1750559160408,329.4742672101511,378.82278054991696
2005-03,176.0022104399998,280.512,1151.184,548.689,1376.07,1206.654,657.2342780876218,717.3411886984884,321.44199046972176,365.35135616216377
2005-04,171.42446050493783,273.702,1123.642,531.99,1334.195,1181.02,644.0182286587624,689.5048224779309,311.9169421283531,355.89688077669564
2005-05,174.687660753485,278.074,1140.677,548.155,1331.644,1216.823,663.307892674898,742.0954001131352,320.3317509306848,362.9180638082442
2005-06,176.70914378555676,280.438,1148.813,565.168,1346.731,1221.713,663.2132292329951,738.0552102055507,314.44042843889787,368.10919914223285
2005-07,183.44385533332314,290.57,1188.165,602.564,1394.836,1267.397,687.0678729403227,783.9361257372343,325.6391442070413,384.2428811602505
2005-08,184.4283669737854,292.202,1194.807,606.23,1411.393,1258.018,679.3575254038487,772.188731119234,320.7638328487305,386.44777946820585
2005-09,189.47850932815865,300.604,1224.314,661.318,1444.746,1271.212,684.0783973676361,772.045155063673,323.4293341872565,403.66331995881717
2005-10,184.27684487702516,292.319,1193.88,617.412,1398.477,1244.574,671.942313063487,760.7821872835327,319.4929298436945,388.5993719931133
2005-11,190.7189532497033,302.432,1231.412,667.994,1418.667,1292.7,695.5853401462017,801.1553536283067,330.6873421261416,406.7017492568229
2005-12,195.45586505111007,309.63,1257.775,706.483,1468.091,1295.086,694.9228999224615,791.2881132998162,327.9829898750786,419.82673214587186
2006-01,205.52890124833834,324.658,1313.214,783.771,1563.089,1334.052,712.6203425144867,827.3483915912086,332.49259460514736,446.55852840168546
2006-02,204.90473207328068,323.745,1309.451,782.106,1562.331,1330.887,712.9432719300809,818.5826310202682,336.4265483526877,445.37820916840144
2006-03,209.2604193724184,329.791,1335.069,787.802,1616.907,1346.318,720.8539553077106,839.5371139504637,339.9736964379466,452.4506445341173
2006-04,215.63122322897405,340.19,1373.384,841.58,1693.592,1365.573,729.6164057928862,833.3584379731074,347.863629411904,470.80576519616164
2006-05,206.40034429894928,325.738,1322.246,750.996,1635.371,1322.648,707.0589162700837,781.8011436590564,341.77891903163504,443.3317934734265
2006-06,205.7624235386394,325.108,1319.934,747.539,1636.568,1320.773,707.1201451007761,779.3649059035907,341.2253234133007,442.1769389487412
2006-07,206.41460520217376,327.037,1327.233,755.836,1659.885,1323.799,710.7164724582391,750.4377032999498,342.3104891710926,445.36087879134624
2006-08,211.3330888607066,334.809,1358.872,773.124,1707.059,1354.095,725.836391943346,783.5485842669464,348.2923940597253,455.8485161755262
2006-09,213.36195700337677,338.276,1373.368,778.161,1720.643,1381.536,743.6675050236863,810.3443963837931,357.4095078194559,460.1434788150711
2006-10,221.37785791047207,350.75,1422.926,814.438,1793.41,1428.599,767.0989834383149,849.1962171782751,369.7013388398027,478.20188980632634
2006-11,227.64145033385793,360.043,1455.166,874.08,1852.944,1454.329,779.7305387797319,872.5403347757369,374.0223971027978,496.29204561539166
2006-12,232.40153610300447,367.784,1483.578,912.648,1911.788,1467.924,789.567449910943,866.6271737614102,381.40436933799316,509.6446225108063
2007-01,234.80297034241445,371.202,1500.232,901.477,1922.019,1490.932,800.6680126589417,884.0795922930581,386.2561011809258,511.7779097614718
2007-02,233.70106090933632,368.777,1490.44,895.542,1912.932,1462.93,783.1764783432742,866.9357002212552,375.45154286312845,508.4288426265349
2007-03,237.95055541124879,375.295,1514.181,928.903,1975.175,1478.557,790.9925662355279,868.9055566955694,378.0747863629412,519.7799677736355
2007-04,247.78599477439758,391.175,1577.86,970.856,2093.281,1542.31,825.2351805502984,906.0243908474863,399.7585565212415,542.1241456408785
2007-05,254.6589861516443,401.515,1616.871,1014.641,2116.106,1598.326,852.095949179391,934.5245444756179,417.04072748632575,558.8414154864124
2007-06,253.43764165406105,399.782,1602.36,1059.544,2111.242,1571.365,836.9147329070646,934.0616671860604,410.3381680554498,562.7500636250853
2007-07,249.180507382564,393.339,1565.811,1112.614,2064.693,1524.513,810.1486277198751,913.6239354161789,404.3207892951391,562.2208752681565
2007-08,247.54814328133196,391.489,1561.585,1086.825,2036.26,1542.775,820.5700329385286,931.5966966995246,408.78111313692057,557.2492296389476
2007-09,259.857594694944,411.918,1633.576,1204.74,2138.072,1605.834,849.941523408645,969.3218089969802,425.2419160403389,593.3697592516882
2007-10,269.9573700857182,427.629,1682.351,1337.448,2235.356,1640.889,862.5396441388515,1025.8772845203944,426.29402863715706,625.3802377047914
2007-11,257.11644536800765,408.099,1610.942,1241.869,2159.77,1558.805,824.5504505857513,954.7756886931229,409.20892145458714,593.3912352193654
2007-12,253.88456817475716,403.246,1588.803,1245.422,2121.265,1551.27,817.43580996365,951.6612533646531,405.93752519238865,588.1921070847033
2008-01,232.81433831955627,369.931,1466.346,1088.57,1898.571,1454.926,767.4386301595143,857.5026920510418,387.1334743272796,534.2340925111314
2008-02,233.418389434708,370.407,1455.56,1167.497,1925.779,1417.431,740.761548022499,815.0268679505438,375.3829859451594,543.1037538782977
2008-03,229.2379075180426,363.981,1437.403,1104.43,1926.535,1403.447,736.3468881687007,817.7610325912829,375.2758769678267,529.5600168744777
2008-04,241.11010945243225,383.295,1508.988,1191.365,2001.415,1473.751,771.3577510195178,865.7337435047493,392.3288574342603,560.5263452790008
2008-05,244.56786916639928,387.744,1525.726,1209.87,1991.826,1501.745,779.5913638127417,905.1524225393383,386.76501824984257,567.490505385641
2008-06,224.06883941713653,355.398,1402.129,1087.119,1815.378,1383.012,712.5758309893994,822.7412558437272,347.3394110605111,518.0374216432737
2008-07,218.18723547297813,345.746,1366.699,1041.856,1761.536,1357.677,705.5502813739994,834.4276810079932,348.19658173234575,502.4036623308184
2008-08,213.41619936742705,337.611,1344.862,956.253,1687.509,1369.381,714.151267151378,849.4868732809911,353.2747845100515,484.40066814191215
2008-09,185.9649792962244,294.79,1182.443,786.924,1431.177,1235.484,649.3124498395887,750.5847833471048,332.0580322057628,417.71726547687615
2008-10,148.18122552090495,236.111,957.245,570.521,1126.075,1012.261,539.3029970867037,617.4918822369746,285.3692170323297,327.5673610333077
2008-11,137.8336669366052,220.05,892.926,526.972,1044.682,935.899,498.936684224368,550.9759164087766,270.1912712608817,304.659316106738
2008-12,143.06741841999377,227.683,920.226,567.042,1098.839,942.513,502.839155735293,565.8521565206765,268.5800342620221,318.1292209436538
2009-01,130.8835138865545,208.023,838.827,529.532,976.211,867.565,459.7672896694527,529.7524145239576,244.84683363942125,292.11773447096647
2009-02,117.7818183670247,187.168,750.863,499.304,873.949,776.949,409.22452088949655,494.38102097993067,216.14377945711678,265.6719800349746
2009-03,127.20853005740011,202.036,805.216,569.967,932.1,842.261,444.1741209313578,548.4714384170192,232.85246612517957,290.4134964124049
2009-04,142.59578997764092,225.241,893.025,662.73,1054.748,924.461,485.89321039544586,616.1822653787453,249.96542642350676,326.7618320058468
2009-05,156.26817628513658,246.694,970.004,773.121,1172.0,984.677,511.6851247919682,636.6450944884183,260.1319033308606,362.8073286607086
2009-06,155.41659663544547,244.905,964.048,761.295,1146.11,979.975,511.7853266908093,658.4284028302617,258.499866151135,359.583038526039
2009-07,168.98024355585432,266.142,1044.753,844.024,1265.138,1056.207,549.729974740559,709.9030905424858,280.6748014998544,392.3773468989208
2009-08,175.0699038916986,275.096,1085.599,839.46,1341.544,1085.744,568.1790165195522,720.8683066369324,290.610533872056,402.47917893440973
2009-09,183.12298501077206,287.232,1126.985,914.045,1402.67,1129.282,588.4762719593022,761.5428162587838,297.22068790172875,423.947638773601
2009-10,179.74926276223505,282.588,1106.17,914.259,1385.573,1102.725,576.8468035628248,733.8033354057983,297.2344650330207,418.49630540492694
2009-11,186.50078180308748,293.667,1149.007,953.128,1421.773,1167.005,609.9370790517889,769.5012571664842,316.57863323834533,435.17845616075857
2009-12,190.77981674739357,299.435,1168.468,989.469,1442.124,1190.235,620.7760091714129,814.1908155562336,319.12507147260425,445.3157234170599
2010-01,182.84184149006063,286.327,1119.537,933.59,1356.247,1143.027,597.823284488447,770.4879811993331,308.0861226109397,424.71744083545957
2010-02,185.06475978017835,289.497,1133.348,935.929,1326.549,1178.418,614.8694317271355,803.1072521457022,315.9794326257561,428.7042887511868
2010-03,196.84452050259495,307.404,1200.53,1010.334,1408.542,1249.49,651.0215564898823,860.4089902788322,332.2407211506385,456.717453153733
2010-04,197.70246662693984,307.348,1198.564,1020.033,1364.888,1267.923,660.6301336908753,883.0964598515928,336.8917133170244,457.50922386244326
2010-05,178.28166302504314,277.173,1079.801,926.404,1188.129,1164.573,606.4744221826413,809.8456907801879,310.2068743850629,413.17728031693724
2010-06,172.33766762927763,268.247,1041.323,917.985,1177.025,1100.946,573.7960991594457,756.8137416038339,299.11006754903565,401.7445042666195
2010-07,186.05232732847446,289.751,1124.826,991.41,1312.821,1176.596,613.2605609539465,809.0060467944937,320.28462178524575,433.93549809611693
2010-08,179.08842269317157,279.064,1080.699,970.046,1261.721,1124.576,584.1618479826086,758.5324494806537,306.4761109100909,419.213898132562
2010-09,196.30846333674577,305.164,1179.194,1075.529,1399.176,1223.445,635.3058621338757,849.8815979340466,330.14199485539206,459.6345531465024
2010-10,203.34647373701875,315.947,1222.226,1105.754,1458.637,1269.147,658.7206911994259,899.6805892662665,340.25431956773275,475.2509317668479
2010-11,199.13415944708441,308.381,1193.558,1075.853,1344.749,1268.833,657.2120563033417,896.3867495681878,336.81242757013166,463.59241915927987
2010-12,213.93544904019026,330.636,1280.071,1151.385,1456.83,1352.688,700.1280300965866,951.8729820567162,354.30149458713396,496.878485583557
2011-01,216.80316388324394,335.581,1308.083,1119.079,1512.867,1381.055,715.9828314630564,968.8123286192238,363.9235506685756,500.3072940841217
2011-02,222.85793593798547,344.823,1351.647,1107.767,1559.612,1429.691,738.8631824449263,998.3027978715879,374.15735919588775,510.45357317619454
2011-03,222.59716513616615,343.64,1334.925,1170.87,1542.529,1428.966,738.0893614736781,997.8722449044845,377.0153518633757,514.7562589070659
2011-04,231.1483592321522,356.902,1388.62,1204.028,1657.043,1468.298,759.121498794791,1031.0512785079827,392.03538361801964,533.6231039711508
2011-05,225.3569045690915,347.896,1354.607,1167.972,1588.34,1446.467,748.8726351978112,1017.3304358242845,384.6678161057803,519.67968398931
2011-06,221.23397558329637,341.817,1331.182,1146.219,1554.629,1417.888,735.2001217780961,995.1632214034319,379.9106414068991,510.4853218555718
2011-07,217.33718377720393,335.896,1306.054,1137.731,1500.683,1388.395,719.4121216775205,989.0131905573558,371.6142980024878,502.6059375197262
2011-08,200.61805735939004,310.618,1211.224,1033.15,1346.723,1311.068,678.5559102131184,925.5327764468692,355.4038145170768,463.2007178722161
2011-09,180.62732694648597,280.639,1104.065,880.434,1197.082,1205.669,629.8613890721828,866.6665936668418,333.9774167116752,413.97409212693015
2011-10,200.0188447649752,310.434,1217.296,995.562,1341.106,1335.633,697.7119716974656,963.1897361078231,365.85396285658504,459.93334108022026
2011-11,193.6011836549676,300.447,1184.604,928.325,1275.982,1325.377,694.182445605897,940.2009232579852,368.6286950299746,441.9681653475575
2011-12,192.81683397762058,299.511,1182.595,916.387,1255.535,1331.569,700.1057403557796,934.7505519334259,373.8886603077186,439.73840770636616
2012-01,204.39032092125436,316.655,1240.894,1019.394,1312.83,1394.062,730.6184927378258,1009.630414296636,386.59945359180045,469.7417300654821
2012-02,214.27516412771658,331.927,1298.72,1079.443,1392.16,1451.008,760.2739055771242,1064.5460217540938,396.36657300359167,493.36605696504705
2012-03,215.11070026128013,333.297,1312.011,1041.447,1379.739,1486.824,784.0950467167144,1109.282358431622,404.3223134463233,491.6905144118826
2012-04,212.23840155647574,328.673,1293.991,1026.016,1339.215,1477.436,778.2163314484458,1093.0606293475503,404.37096674294645,484.7776830610414
2012-05,192.47075241544047,297.985,1177.645,906.296,1164.809,1377.186,729.4605135202909,1014.4743322760769,379.27136458376214,437.29658346092305
2012-06,201.2496116450461,312.111,1235.716,937.354,1253.978,1427.947,758.314311168859,1053.1216075612635,394.16378603338086,456.88682965005285
2012-07,203.3798340642046,316.024,1250.569,952.488,1266.904,1446.42,767.8672319743614,1054.7254721135926,398.098965078932,462.9439888810888
2012-08,207.59062040022206,322.137,1279.208,947.328,1318.957,1478.858,783.0428758114858,1100.4520368155636,400.61327659705455,469.6128477621975
2012-09,213.8447904411203,331.578,1311.504,1002.656,1355.94,1515.443,802.0208232389576,1118.1305504048096,411.21064000976054,486.14044504195135
2012-10,212.2289791739881,329.067,1301.522,995.326,1374.182,1487.946,786.1493045668825,1068.2561356535307,400.7852665983239,482.4842064386451
2012-11,214.49875471755772,332.642,1315.493,1007.022,1407.266,1491.992,788.3872489091278,1080.100415639103,398.6161603807509,487.81050692290256
2012-12,219.3729277125002,339.749,1338.5,1055.196,1445.76,1503.413,793.9597520674074,1083.4265796596353,401.0202847338552,500.78329406774253
2013-01,229.53611319082614,355.102,1405.466,1069.01,1528.576,1576.484,833.9976310354739,1127.4236617106355,424.1693021158282,520.2882344453404
2013-02,229.38357245812134,354.43,1405.18,1054.616,1483.21,1589.539,843.222185903234,1133.903768564859,430.1034502673578,518.1124503298255
2013-03,233.40081796466353,360.057,1434.515,1034.904,1475.459,1642.564,873.5678331857545,1172.4147385770423,446.14071845348866,522.7786131708385
2013-04,239.02903621760098,369.422,1476.139,1039.452,1529.218,1668.698,889.3669781567336,1194.3989570369022,454.13593740042114,534.0861254208443
2013-05,237.96787222230708,367.195,1471.933,1008.878,1522.273,1696.43,907.832737241332,1240.0106784143825,462.5752222776512,528.3080611040992
2013-06,230.60389831976,355.811,1433.548,940.33,1445.834,1665.527,894.2158802171075,1221.1158417430956,456.2719904570205,507.89529257501476
2013-07,241.7212910191962,372.49,1507.913,947.553,1551.478,1751.366,938.4456575439559,1301.1732896852782,474.3256807744541,527.5085611937816
2013-08,236.2247314620991,363.976,1472.738,929.536,1527.708,1701.445,909.0741670738396,1288.076770703827,453.233460587505,515.8858955538755
2013-09,248.49903993562222,382.07,1543.672,987.458,1636.096,1755.662,936.1186901515362,1353.2399767772959,463.00670648935005,542.9230319766375
2013-10,257.9927269393555,397.109,1602.86,1034.42,1705.042,1829.746,977.8656078133697,1406.4261891835722,475.739824105482,565.2410684286658
2013-11,261.2459954874427,402.047,1628.424,1018.284,1722.02,1872.721,1005.2942211808262,1456.7239737191871,492.28541165418295,568.9064136594164
2013-12,265.58716722436986,408.549,1661.069,1002.693,1759.199,1918.227,1028.981759788628,1498.5969360659503,507.2883191219933,574.2766497500759
2014-01,255.52024284280915,391.921,1598.456,936.527,1690.125,1850.014,992.3675985998237,1472.507966653388,480.42506484553513,547.7550791229527
2014-02,267.5373457403191,410.129,1675.4,966.421,1809.995,1932.077,1035.155542296482,1545.7911476470367,499.48618921036945,571.4572820930938
2014-03,267.88801116425,411.021,1673.874,994.653,1785.943,1943.353,1042.3314117492757,1506.6343919840936,503.6466138926829,576.1011173028137
2014-04,269.0311753530847,414.094,1687.742,995.283,1821.857,1955.841,1048.7946890615137,1476.3401070600833,507.4162282801919,579.5516730674925
2014-05,273.6127451729389,421.534,1715.184,1027.693,1825.265,1995.819,1070.8511351118461,1522.2891752282687,511.5882783509491,591.8096526699181
2014-06,278.97662739825097,428.746,1743.415,1050.778,1819.889,2040.579,1091.2597712991046,1581.693571117123,514.9371074703655,602.6163935395922
2014-07,274.3726475876154,423.043,1714.353,1065.775,1750.147,2011.268,1074.803758539587,1567.9116713799003,506.8794879808351,598.1648523432189
2014-08,280.20917689122496,431.549,1748.688,1087.88,1752.981,2084.944,1115.2758117577025,1643.4409109852545,523.2564027984911,610.272790065415
2014-09,269.8111958276672,416.85,1698.408,1005.326,1685.775,2041.657,1097.9736043258408,1612.2676497699083,521.5564661777777,584.0965716897686
2014-10,271.7249581085968,419.451,1708.092,1016.072,1640.216,2080.797,1123.448195720234,1661.5500651413938,532.1945035073782,588.3008918737019
2014-11,275.3528300253131,425.821,1739.497,1004.715,1681.087,2127.715,1151.0104116194786,1719.2786770504536,545.5898797556786,593.8997521342328
2014-12,270.49164463866435,417.12,1709.672,956.308,1608.146,2115.167,1146.1893037785867,1699.3360592927938,545.4316668857011,578.18755074497
2015-01,266.1255163210944,410.328,1677.537,961.605,1606.969,2045.773,1110.6106641459326,1663.164704467874,525.2914733678115,571.5409963625322
2015-02,280.58632684971553,432.474,1772.862,990.275,1705.441,2160.397,1171.5748721228056,1780.9578642820834,554.9071056002919,599.3873236245369
2015-03,276.2303848915917,424.758,1740.814,974.572,1654.0,2123.357,1151.1940301550292,1758.478531810002,543.9948405988151,588.9513591649949
2015-04,283.32263765591495,436.296,1778.4,1047.781,1717.7,2148.03,1161.0031470667584,1773.0246521138597,545.9656577358629,611.1250674101187
2015-05,282.7539841398384,434.515,1779.307,1004.218,1693.599,2163.956,1173.1836749394677,1819.170995008783,551.1729949697781,603.7207221774706
2015-06,275.99304271649834,423.509,1735.613,972.254,1638.879,2118.013,1148.5331243896655,1789.332579391142,539.202192028256,587.5780458399922
2015-07,277.33051171176675,426.781,1765.604,901.676,1689.051,2150.615,1171.207499138651,1840.0716040682219,541.3550705185155,581.8892322305582
2015-08,258.2392368379503,396.733,1645.43,818.73,1564.404,2015.189,1097.9123754951481,1713.853446865581,505.8000900892891,538.1066956215207
2015-09,248.3411513642082,381.651,1581.922,792.049,1490.225,1956.043,1068.8804637897044,1657.7538406485364,498.35359545396506,518.3075431995095
2015-10,266.909102021483,411.249,1705.803,847.839,1595.403,2110.347,1157.579497244023,1813.3296658221316,540.5496014456724,557.6722614356526
2015-11,264.85425866222545,407.197,1694.397,814.297,1563.655,2110.078,1158.1639233749386,1833.0354137480424,542.275000356756,548.4432663573022
2015-12,259.5863828746925,399.362,1662.794,794.139,1522.647,2064.967,1137.8610954999867,1796.7025249106428,533.2505908514021,537.2097443613401
2016-01,243.16291553980065,375.017,1562.178,742.371,1421.364,1955.63,1080.1313463750969,1655.5256523939597,503.9110391804729,503.94925440573604
2016-02,241.42817852613564,371.662,1547.174,740.327,1391.74,1950.331,1075.6721749962114,1635.432362997761,505.44726403281885,500.144850972061
2016-03,259.0676425199016,398.255,1648.118,836.803,1474.191,2083.44,1146.656980596373,1747.3447737198878,541.2091106286459,542.5398781019883
2016-04,262.6613901324736,403.34,1670.796,840.19,1501.566,2098.269,1149.752264481366,1713.4408518553964,543.918991663416,548.4243851162023
2016-05,262.4024019435574,402.574,1674.613,807.454,1481.2,2125.03,1167.3717609370933,1775.4035120069748,544.3339194093107,542.8909987093324
2016-06,259.98110430322754,399.29,1653.229,834.103,1411.935,2126.959,1168.4351446692522,1737.5922891160983,548.7036907395637,543.413509067528
2016-07,271.29458442200047,416.088,1721.788,873.471,1469.943,2204.502,1210.0428873640953,1852.2173149306614,564.0738289868003,566.8825767926681
2016-08,271.66715051874036,416.613,1719.524,893.678,1470.065,2202.618,1208.567551166168,1870.548972553015,563.1141516765027,570.2950984228252
2016-09,273.1625080854228,418.434,1725.665,903.46,1481.937,2202.763,1207.075633575689,1905.9920227251375,560.2763614835341,573.5934965591595
2016-10,267.67537091081334,411.015,1690.922,905.089,1432.148,2159.686,1183.6273698989282,1861.9088300807168,555.2045840490556,565.8200111052912
2016-11,270.1542214820134,413.43,1712.089,862.832,1398.608,2230.283,1224.0772692892901,1910.1829718710505,585.2306014591954,562.852934723178
2016-12,275.6278617303568,421.839,1751.219,862.275,1471.076,2268.166,1246.3564088781125,1931.510542306209,604.7862381699905,571.7487801043111
2017-01,282.9393758817567,433.128,1792.403,909.228,1501.03,2314.78,1268.646693337338,2014.635734888872,607.8920996594643,590.5009238144019
2017-02,290.27406400089643,444.503,1838.699,936.371,1514.946,2392.995,1315.8380161043376,2090.2187607651927,636.9079335730086,606.4657944255838
2017-03,293.0113934430404,448.866,1853.69,958.369,1570.108,2392.811,1315.3258957179912,2121.18406007944,632.3475536887858,614.2012538857688
2017-04,297.2835525947204,455.173,1878.276,977.959,1619.063,2411.482,1327.283798008738,2169.935270325286,640.8333102344735,623.6701402900156
2017-05,302.32630983849526,463.794,1911.74,1005.326,1685.152,2436.181,1342.6487687296683,2224.083153224515,642.9185881369187,636.6839992943321
2017-06,303.5774494374583,465.088,1916.426,1010.8,1663.221,2451.001,1349.1119780853792,2203.2363304360433,653.3534650792682,638.8164571584572
2017-07,311.58087205423215,477.583,1961.1,1066.233,1712.132,2500.546,1375.2157110053556,2277.7609756514194,669.9243953770701,659.7504639952447
2017-08,312.0601402661696,478.406,1959.743,1087.698,1708.239,2502.483,1375.96717427927,2306.65944552399,671.6681438729981,663.4154541311505
2017-09,318.23663931629153,486.879,2000.553,1081.722,1763.376,2552.442,1402.5274391466291,2330.807203593519,685.6532172029749,671.9925267983283
2017-10,324.44038687793176,496.625,2036.804,1119.079,1770.157,2604.156,1433.6469074003978,2413.9467625417165,715.4035126753718,687.4784387440475
2017-11,330.32300945803473,505.442,2077.36,1120.793,1771.139,2673.35,1473.907479906954,2466.440586209034,742.7961554631219,697.3764754749244
2017-12,335.3336796695545,513.026,2103.448,1158.454,1796.645,2702.777,1488.3983937795315,2476.9967112848894,756.4715571348618,710.5369482059073
2018-01,353.22907594440284,541.673,2213.238,1254.587,1892.978,2847.584,1572.014686764583,2659.303787530214,800.2384250617076,754.1865395570981
2018-02,337.9709281301409,518.079,2117.993,1195.193,1777.754,2731.802,1510.788846159335,2609.619464322905,765.9576947930587,720.7561608902449
2018-03,330.8830045685822,505.808,2066.845,1170.875,1750.542,2663.087,1470.1720455390277,2534.4276591080456,737.6169701981374,704.1726820935888
2018-04,333.3689855913945,509.694,2086.514,1164.428,1788.794,2673.593,1474.169112535329,2535.4394366807915,739.4543792785968,707.7003508050411
2018-05,333.7061540890593,508.769,2092.923,1120.71,1717.22,2731.809,1506.0234626704605,2670.2977363557306,747.1873246805876,701.2509055952269
2018-06,331.1697505869889,505.198,2089.301,1069.517,1702.612,2745.881,1513.3162853059641,2694.7612040678714,742.7674057878446,690.7916506280777
2018-07,339.9491191345669,519.818,2153.096,1087.456,1758.438,2839.435,1567.8282928844758,2752.705311459958,777.7699860114301,709.0325516026653
2018-08,342.43331754447615,522.881,2175.498,1055.96,1704.605,2919.825,1615.2758117577023,2909.773837052565,794.5901000851806,708.0358527428114
2018-09,342.38569631406585,524.253,2184.009,1047.908,1709.277,2928.184,1622.2122703664013,2887.1007338453396,809.6921670359122,708.3551476919879
2018-10,315.3513530031934,484.571,2021.982,955.924,1577.236,2720.398,1509.6252945065983,2621.4207328116618,768.6066695510979,652.9156426601085
2018-11,319.3128281917684,490.857,2041.359,994.717,1559.721,2764.442,1536.5862310562686,2630.261829201872,781.5424096187687,665.2444681223716
2018-12,295.79736275153937,455.662,1883.901,965.776,1486.401,2512.007,1395.5631183619214,2380.7963740694986,713.8801385094803,623.5189056528652
2019-01,319.59091580464604,491.194,2028.492,1049.927,1582.534,2721.121,1505.372167317124,2612.7520328078735,765.0540225674491,673.3165586914783
2019-02,327.9643579282982,503.481,2085.845,1050.951,1631.855,2805.238,1550.1252099007222,2702.7375153327007,793.0960733009132,686.839576826052
2019-03,330.5318298266791,508.548,2107.742,1058.127,1635.234,2848.858,1577.9100513819299,2773.347501139345,793.4841042612055,693.2937829374918
2019-04,340.8974691989956,524.844,2178.674,1079.235,1684.769,2958.181,1639.9432155261636,2904.6967284325488,813.8112603243499,713.7748525765016
2019-05,319.4887975511992,492.115,2046.246,997.998,1579.263,2768.359,1532.0714712384192,2674.255319661488,759.4038447012474,667.286366958547
2019-06,339.4515154756266,523.442,2178.347,1054.856,1682.619,2956.874,1637.6774090079095,2872.7089643711947,814.0270323155166,708.8463161631254
2019-07,340.07084612994737,524.35,2187.564,1037.009,1649.174,2995.635,1659.1770872337547,2933.4121147443366,822.1155532231725,707.3479312236774
2019-08,330.85244549024407,510.877,2138.521,984.334,1602.617,2937.972,1629.1598738455036,2857.1508912950117,808.0080696333871,685.46835971607
2019-09,337.15118085371876,520.651,2180.018,1000.996,1644.804,2986.248,1657.1507595161222,2870.2330439109273,823.7240407728374,698.2601089493139
2019-10,346.12383557178583,534.411,2233.526,1041.981,1695.378,3043.863,1691.009283541133,2975.3713628841006,827.6840246317773,718.8340580946284
2019-11,354.2729231286384,546.695,2292.259,1040.045,1718.095,3149.656,1748.5831403934274,3109.246267318205,858.4451013071165,731.6651475351049
2019-12,366.37075292475845,565.244,2358.468,1114.66,1784.164,3236.314,1798.5748157188884,3219.447153346279,873.3494469983523,762.2057583978658
2020-01,361.2857222892824,558.621,2342.414,1062.343,1738.442,3237.564,1795.646568976894,3283.4373982336815,864.7069718485542,747.841617932691
2020-02,331.26040918605895,512.757,2141.124,1005.516,1573.273,2969.393,1644.6138676166083,3074.0472701605986,777.5915706669334,690.8556798540935
2020-03,282.8209594531962,442.346,1852.727,848.577,1341.522,2574.501,1438.8409606606463,2762.863207891164,670.7213172491552,593.3694720825144
2020-04,313.61050417386076,489.169,2052.845,924.937,1417.463,2908.619,1621.3493583884517,3189.64815763407,745.0414991252194,654.2519421182459
2020-05,327.4272821265044,509.47,2147.882,930.354,1476.534,3050.714,1694.7670076498664,3405.048332089051,776.7882533369385,676.6035888535947
2020-06,337.3569453145293,524.908,2201.788,995.098,1533.793,3117.524,1725.931055385249,3609.174413590582,789.9403631021229,702.615824789352
2020-07,354.40050728070037,551.894,2304.982,1078.919,1590.316,3298.639,1821.032137321113,3855.4966130636253,808.77438894052,743.4223221781383
2020-08,375.340861052964,584.864,2455.512,1101.499,1652.282,3537.305,1948.6221474398399,4225.137942294076,870.0324756272162,782.0750517023467
2020-09,363.1533912937185,565.148,2367.27,1081.996,1596.249,3399.054,1872.181655951055,4007.000099206762,850.1912548239571,758.2474405040762
2020-10,355.0340988382457,550.995,2292.925,1103.458,1504.842,3305.896,1820.3862784899243,3915.1737946980666,811.0169233827879,746.090388821091
2020-11,399.575228811099,618.266,2583.143,1205.068,1758.874,3685.544,2016.160877563405,4377.014603541967,907.0184248211307,832.804545246683
2020-12,418.9779516249789,646.268,2690.044,1291.264,1840.218,3831.152,2091.0037111059314,4624.427595598198,936.6368065028059,874.800572481411
2021-01,417.97866976331994,642.907,2661.691,1329.566,1812.799,3791.439,2067.7169121369675,4689.8779537827895,917.5450496877021,876.1309159023566
2021-02,428.68657081302433,657.146,2726.91,1339.259,1854.479,3890.074,2121.666647412317,4733.530330660737,946.6098357510431,893.0744954741073
2021-03,438.8968682037883,673.288,2811.699,1316.425,1905.022,4033.239,2211.7072786197214,4753.092765330456,1009.3200500071015,907.9446205485467
2021-04,457.3731416260485,701.83,2938.764,1347.612,1983.157,4246.951,2327.656743428094,5009.931494774344,1036.6573451871452,943.1195566570645
2021-05,463.3622116623629,711.45,2975.701,1376.208,2056.969,4271.027,2340.4274057799744,4933.168149329609,1056.689712480086,957.4211630244814
2021-06,468.39962106742854,719.97,3017.222,1374.637,2026.342,4379.095,2392.4176825601126,5204.144083258344,1055.8653558866865,966.4447452852908
2021-07,470.30829016863515,724.209,3069.249,1277.805,2062.239,4473.093,2446.8405311753963,5264.685699619006,1069.1149515570214,957.686611073628
2021-08,481.2749247482696,741.271,3141.351,1308.67,2088.276,4593.354,2517.7754566848494,5475.1487499181485,1082.1290509267474,980.3748092275551
2021-09,461.3458218100142,709.512,3006.604,1253.097,1986.96,4375.904,2398.0069709805243,5184.276801319954,1035.7108174164755,938.4482996460504
2021-10,483.4733957757167,745.229,3174.725,1264.754,2074.043,4678.301,2563.8143726695157,5560.957649662599,1096.1703684239508,977.8000965930185
2021-11,470.0253640350207,726.531,3101.796,1212.418,1964.469,4616.592,2542.448296975459,5575.059113433187,1055.2902428398702,949.9383270602223
2021-12,488.17490997804833,754.828,3231.727,1232.008,2093.274,4794.856,2653.3318745332235,5613.551862689082,1112.0452099103597,982.3973475050283
2022-01,462.606638450451,717.375,3059.047,1208.232,1996.536,4529.794,2513.80598003845,5109.39334736536,1075.1250084145847,939.9651651893414
2022-02,451.50325199525315,698.02,2977.954,1171.31,1937.557,4397.479,2434.971787847878,4934.122636639795,1037.2005407150466,913.905499836219
2022-03,459.6882464691531,711.558,3053.07,1141.787,1927.37,4549.701,2522.07873579114,5102.446684030405,1061.2465061262287,923.131638229619
2022-04,422.57500980437095,653.667,2795.615,1076.19,1807.598,4137.644,2300.244983279297,4425.776500962174,1009.1872396568597,852.7299561897905
2022-05,421.78021910859167,652.814,2791.013,1077.666,1808.413,4124.91,2300.3673050276275,4334.908187755258,1009.5823235520432,852.0982085737993
2022-06,384.7319204852781,596.774,2546.185,1000.668,1626.389,3773.127,2107.320480941932,3957.2083786571,941.8070859432243,781.5114656052914
2022-07,411.7415618744938,637.717,2746.365,993.782,1705.594,4112.245,2299.3319193845314,4445.888011114661,1005.1451907165147,822.9075701929761
2022-08,396.40905363627564,613.107,2627.321,994.114,1595.205,3944.017,2201.7479777836525,4239.755894425609,964.2999711830827,798.0212053835156
2022-09,357.45921636336783,553.371,2378.645,875.786,1454.897,3574.487,1996.1142457946803,3794.624920694815,879.0742783872597,716.6520914834662
2022-10,379.1989446931614,586.374,2547.716,848.163,1558.116,3851.795,2155.53074387253,3942.6443879961134,1001.7122045434797,745.5280457044465
2022-11,407.46965738179995,630.918,2720.889,972.285,1732.532,4054.523,2271.39675806593,4114.818621350128,1058.5356687613037,813.7311501640489
2022-12,391.3415944708441,605.382,2602.685,956.378,1731.581,3812.318,2137.449143034218,3755.4646610402783,1014.3908711114252,784.991519476599
2023-01,419.90847556037704,648.365,2784.995,1031.497,1880.6,4063.422,2269.4427360928667,4156.637709826135,1043.1202243729854,841.9790909160433
2023-02,407.7576766951375,629.023,2714.571,964.006,1866.318,3955.694,2210.1819264180317,4110.34787847544,999.3787589658754,810.5480942752741
2023-03,416.71377857910466,646.762,2791.438,990.284,1902.85,4082.801,2287.6523670277647,4385.328173997711,1018.2742887873502,833.2428421814944
2023-04,421.33380190586786,654.997,2835.928,977.046,1971.686,4133.828,2321.1489545907693,4387.003782777925,1043.4911609317614,839.1974043694066
2023-05,415.223004874173,646.375,2800.557,958.527,1843.051,4141.318,2326.9108525893816,4641.29511033303,1007.077455794199,827.0987424791196
2023-06,438.74458213006966,682.841,2966.724,989.475,1928.433,4411.444,2477.5258931356434,4947.226163604434,1052.9608616654234,869.4624091722523
2023-07,455.05217962626244,707.109,3064.297,1046.912,1985.863,4558.463,2554.673404329782,5147.477180802243,1088.2128647474965,904.6206729701646
